,0,1,2,3,4,5,6,7,8,9,10,11,12
0,-0.5636740664747023,-0.5002397510893574,1.0,0.0,0.0,1.0,0.0,0.0,1.0,0.0,1.0,1.0,0.0
1,0.6692169576775449,0.788946607905507,0.0,1.0,0.0,0.0,1.0,0.0,0.0,0.0,1.0,1.0,0.0
2,-0.2554513104366405,-0.48664993466069395,0.0,0.0,0.0,1.0,0.0,0.0,1.0,1.0,0.0,1.0,0.0
3,0.4380498906489985,0.4228611129909654,0.0,0.0,0.0,1.0,1.0,0.0,0.0,0.0,1.0,1.0,0.0
4,0.4380498906489985,-0.4841333019887193,1.0,0.0,0.0,1.0,0.0,0.0,1.0,1.0,0.0,1.0,0.0
5,-0.10133993241760961,-0.47591297302898106,1.0,0.0,1.0,0.0,0.0,0.0,1.0,1.0,0.0,1.0,0.0
6,1.902107981829792,0.39794644953841574,1.0,0.0,0.0,1.0,1.0,0.0,0.0,1.0,0.0,1.0,0.0
7,-2.104787846665011,-0.22190017756895475,1.0,0.0,0.0,1.0,0.0,0.0,1.0,0.0,1.0,0.0,1.0
8,-0.17839562142712506,-0.4220570338487224,0.0,0.0,0.0,1.0,0.0,0.0,1.0,1.0,0.0,0.0,1.0
9,-1.1801195785508258,-0.040787184044554156,0.0,1.0,0.0,0.0,0.0,1.0,0.0,0.0,1.0,1.0,0.0
10,-1.9506764686459803,-0.3099823210880695,0.0,0.0,0.0,1.0,0.0,0.0,1.0,0.0,1.0,0.0,1.0
11,2.210330737867854,-0.11167166653646252,0.0,0.0,0.0,1.0,1.0,0.0,0.0,1.0,0.0,1.0,0.0
12,-0.7177854444937332,-0.4841333019887193,1.0,0.0,0.0,1.0,0.0,0.0,1.0,1.0,0.0,1.0,0.0
13,0.7462726466870603,-0.016542951535818605,1.0,0.0,0.0,1.0,0.0,0.0,1.0,0.0,1.0,0.0,1.0
14,-1.1801195785508258,-0.4880753554061005,0.0,0.0,0.0,1.0,0.0,0.0,1.0,1.0,0.0,1.0,0.0
15,1.9791636708393074,-0.32407546405112786,0.0,0.0,0.0,1.0,0.0,1.0,0.0,1.0,0.0,1.0,0.0
16,-2.104787846665011,-0.05982903349378355,1.0,0.0,1.0,0.0,0.0,0.0,1.0,0.0,1.0,0.0,1.0
17,-0.10133993241760961,-0.38447464817852084,1.0,0.0,0.0,1.0,0.0,1.0,0.0,1.0,0.0,1.0,0.0
18,0.12982713461093673,-0.28380934129953256,0.0,0.0,0.0,1.0,0.0,0.0,1.0,0.0,1.0,1.0,0.0
19,-0.10133993241760961,-0.5007430776237524,0.0,1.0,0.0,0.0,0.0,0.0,1.0,1.0,0.0,1.0,0.0
20,0.4380498906489985,-0.12274485029315124,1.0,0.0,0.0,1.0,0.0,1.0,0.0,1.0,0.0,1.0,0.0
21,0.36099420163948304,-0.38447464817852084,1.0,0.0,0.0,1.0,0.0,1.0,0.0,1.0,0.0,1.0,0.0
22,-1.1030638895413103,-0.48455206966533587,0.0,0.0,1.0,0.0,0.0,0.0,1.0,1.0,0.0,1.0,0.0
23,-0.10133993241760961,0.06851923277692655,1.0,0.0,0.0,1.0,1.0,0.0,0.0,1.0,0.0,1.0,0.0
24,-1.6424537126079184,-0.22190017756895475,0.0,0.0,0.0,1.0,0.0,0.0,1.0,0.0,1.0,0.0,1.0
25,0.6692169576775449,-0.014277982131041355,0.0,0.0,0.0,1.0,0.0,0.0,1.0,0.0,1.0,0.0,1.0
26,-0.10133993241760961,-0.5007430776237524,1.0,1.0,0.0,0.0,0.0,0.0,1.0,1.0,0.0,1.0,0.0
27,-0.7948411335032486,4.648790695770894,1.0,0.0,0.0,1.0,1.0,0.0,0.0,0.0,1.0,0.0,1.0
28,-0.10133993241760961,-0.4875720288717055,0.0,0.0,1.0,0.0,0.0,0.0,1.0,1.0,0.0,1.0,0.0
29,-0.10133993241760961,-0.48723782005286725,1.0,0.0,0.0,1.0,0.0,0.0,1.0,1.0,0.0,1.0,0.0
30,0.8233283356965757,-0.08809987827767862,1.0,1.0,0.0,0.0,1.0,0.0,0.0,1.0,0.0,1.0,0.0
31,-0.10133993241760961,2.3037078131670836,0.0,1.0,0.0,0.0,1.0,0.0,0.0,0.0,1.0,1.0,0.0
32,-0.10133993241760961,-0.49017322040145855,0.0,0.0,1.0,0.0,0.0,0.0,1.0,1.0,0.0,1.0,0.0
33,2.8267762499439777,-0.434807301618015,1.0,0.0,0.0,1.0,0.0,1.0,0.0,1.0,0.0,1.0,0.0
34,-0.10133993241760961,1.008145313634504,1.0,1.0,0.0,0.0,1.0,0.0,0.0,0.0,1.0,1.0,0.0
35,0.9774397137156066,0.40071474547758795,1.0,0.0,0.0,1.0,1.0,0.0,0.0,0.0,1.0,1.0,0.0
36,-0.10133993241760961,-0.500658518765974,1.0,1.0,0.0,0.0,0.0,0.0,1.0,1.0,0.0,1.0,0.0
37,-0.6407297554842177,-0.4841333019887193,1.0,0.0,0.0,1.0,0.0,0.0,1.0,1.0,0.0,1.0,0.0
38,-0.871896822512764,-0.28380934129953256,0.0,0.0,0.0,1.0,0.0,0.0,1.0,0.0,1.0,1.0,0.0
39,-1.1801195785508258,-0.41987460999558585,0.0,1.0,0.0,0.0,0.0,0.0,1.0,0.0,1.0,1.0,0.0
40,0.8233283356965757,-0.4554436895282076,0.0,0.0,0.0,1.0,0.0,0.0,1.0,0.0,1.0,1.0,0.0
41,-0.17839562142712506,-0.22341015717213955,0.0,0.0,0.0,1.0,0.0,1.0,0.0,0.0,1.0,1.0,0.0
42,-0.10133993241760961,-0.48723782005286725,1.0,1.0,0.0,0.0,0.0,0.0,1.0,1.0,0.0,1.0,0.0
43,-2.0277321576554956,0.1909121394926757,0.0,1.0,0.0,0.0,0.0,1.0,0.0,0.0,1.0,0.0,1.0
44,-0.7948411335032486,-0.4875720288717055,0.0,0.0,1.0,0.0,0.0,0.0,1.0,1.0,0.0,1.0,0.0
45,-0.10133993241760961,-0.4841333019887193,1.0,0.0,0.0,1.0,0.0,0.0,1.0,1.0,0.0,1.0,0.0
46,-0.10133993241760961,-0.33414199473902667,1.0,0.0,1.0,0.0,0.0,0.0,1.0,0.0,1.0,1.0,0.0
47,-0.10133993241760961,-0.49017322040145855,0.0,0.0,1.0,0.0,0.0,0.0,1.0,1.0,0.0,1.0,0.0
48,-0.10133993241760961,-0.20973578188569775,1.0,1.0,0.0,0.0,0.0,0.0,1.0,0.0,1.0,1.0,0.0
49,-0.871896822512764,-0.28783595357469205,0.0,0.0,0.0,1.0,0.0,0.0,1.0,0.0,1.0,1.0,0.0
50,-1.719509401617434,0.15282642728807924,1.0,0.0,0.0,1.0,0.0,0.0,1.0,0.0,1.0,0.0,1.0
51,-0.6407297554842177,-0.48916656733266867,1.0,0.0,0.0,1.0,0.0,0.0,1.0,1.0,0.0,1.0,0.0
52,1.5168295367822147,0.8985892468519636,0.0,1.0,0.0,0.0,1.0,0.0,0.0,0.0,1.0,1.0,0.0
53,-0.024284243408094167,-0.12274485029315124,0.0,0.0,0.0,1.0,0.0,1.0,0.0,0.0,1.0,1.0,0.0
54,2.749720560934462,0.6016265915589479,1.0,1.0,0.0,0.0,1.0,0.0,0.0,1.0,0.0,0.0,1.0
55,-0.10133993241760961,0.06851923277692655,1.0,0.0,0.0,1.0,1.0,0.0,0.0,1.0,0.0,1.0,0.0
56,-0.6407297554842177,-0.434807301618015,0.0,0.0,0.0,1.0,0.0,1.0,0.0,1.0,0.0,1.0,0.0
57,-0.0628120879128519,-0.500658518765974,1.0,1.0,0.0,0.0,0.0,0.0,1.0,1.0,0.0,1.0,0.0
58,-1.8736207796364648,-0.08751199288550533,0.0,0.0,0.0,1.0,0.0,1.0,0.0,0.0,1.0,0.0,1.0
59,-1.4112866455793722,0.29803613246101984,1.0,0.0,0.0,1.0,0.0,0.0,1.0,0.0,1.0,0.0,1.0
60,-0.5636740664747023,-0.500658518765974,1.0,1.0,0.0,0.0,0.0,0.0,1.0,1.0,0.0,1.0,0.0
61,1.208606780744153,1.0344028522808193,1.0,0.0,0.0,1.0,1.0,0.0,0.0,0.0,1.0,1.0,0.0
62,-1.9506764686459803,-0.08449203367913571,1.0,0.0,0.0,1.0,0.0,0.0,1.0,0.0,1.0,0.0,1.0
63,-0.10133993241760961,-0.08809987827767862,1.0,1.0,0.0,0.0,1.0,0.0,0.0,1.0,0.0,1.0,0.0
64,-0.10133993241760961,-0.33925981894075447,1.0,1.0,0.0,0.0,0.0,0.0,1.0,0.0,1.0,0.0,1.0
65,-0.024284243408094167,-0.434807301618015,0.0,0.0,0.0,1.0,0.0,1.0,0.0,1.0,0.0,1.0,0.0
66,-0.7948411335032486,-0.4819528914417204,1.0,0.0,0.0,1.0,0.0,0.0,1.0,1.0,0.0,1.0,0.0
67,-0.9489525115222794,-0.48664993466069395,0.0,0.0,0.0,1.0,0.0,0.0,1.0,0.0,1.0,0.0,1.0
68,-0.2554513104366405,-0.4718018018960432,1.0,0.0,0.0,1.0,0.0,0.0,1.0,0.0,1.0,1.0,0.0
69,0.20688282362045216,-0.434807301618015,1.0,0.0,0.0,1.0,0.0,1.0,0.0,1.0,0.0,1.0,0.0
70,-1.026008200531795,0.29803613246101984,0.0,0.0,0.0,1.0,0.0,0.0,1.0,0.0,1.0,0.0,1.0
71,-0.6407297554842177,0.8335755650572377,1.0,0.0,0.0,1.0,0.0,1.0,0.0,1.0,0.0,1.0,0.0
72,-0.2554513104366405,-0.3551971503258359,1.0,1.0,0.0,0.0,0.0,0.0,1.0,0.0,1.0,1.0,0.0
73,0.20688282362045216,0.4912289628108992,1.0,0.0,0.0,1.0,0.0,0.0,1.0,1.0,0.0,1.0,0.0
74,-0.3325069994461559,-0.4921865265390384,1.0,0.0,0.0,1.0,0.0,0.0,1.0,1.0,0.0,1.0,0.0
75,-0.10133993241760961,-0.48723782005286725,1.0,0.0,0.0,1.0,0.0,0.0,1.0,1.0,0.0,1.0,0.0
76,-0.10133993241760961,-0.4841333019887193,1.0,0.0,0.0,1.0,0.0,0.0,1.0,1.0,0.0,1.0,0.0
77,-2.1949430028061445,-0.06234566616575826,1.0,0.0,0.0,1.0,0.0,1.0,0.0,1.0,0.0,0.0,1.0
78,0.052771445601421274,-0.3950445054008146,0.0,0.0,0.0,1.0,0.0,0.0,1.0,1.0,0.0,1.0,0.0
79,-0.5636740664747023,-0.4650068936817115,1.0,0.0,0.0,1.0,0.0,0.0,1.0,1.0,0.0,1.0,0.0
80,-0.024284243408094167,-0.4549403629938127,1.0,0.0,0.0,1.0,0.0,0.0,1.0,1.0,0.0,1.0,0.0
81,-0.10133993241760961,-0.4894182305998661,0.0,0.0,1.0,0.0,0.0,0.0,1.0,1.0,0.0,1.0,0.0
82,-0.10133993241760961,0.30206274473617944,1.0,0.0,0.0,1.0,1.0,0.0,0.0,1.0,0.0,1.0,0.0
83,-0.9489525115222794,-0.434807301618015,0.0,0.0,0.0,1.0,0.0,1.0,0.0,1.0,0.0,1.0,0.0
84,0.2839385126299676,-0.32709542325749746,0.0,0.0,0.0,1.0,0.0,0.0,1.0,0.0,1.0,1.0,0.0
85,-1.026008200531795,0.045869538729154176,1.0,0.0,0.0,1.0,0.0,0.0,1.0,0.0,1.0,0.0,1.0
86,-0.10133993241760961,-0.4841333019887193,1.0,0.0,0.0,1.0,0.0,0.0,1.0,1.0,0.0,1.0,0.0
87,-0.4866183774651868,4.648790695770894,0.0,0.0,0.0,1.0,1.0,0.0,0.0,0.0,1.0,0.0,1.0
88,-0.4095626884556714,-0.4841333019887193,1.0,0.0,0.0,1.0,0.0,0.0,1.0,1.0,0.0,1.0,0.0
89,-0.024284243408094167,-0.4841333019887193,1.0,0.0,0.0,1.0,0.0,0.0,1.0,1.0,0.0,1.0,0.0
90,-0.7177854444937332,-0.4880753554061005,1.0,0.0,0.0,1.0,0.0,0.0,1.0,1.0,0.0,1.0,0.0
91,1.2856624697536683,0.5854355836005315,1.0,0.0,0.0,1.0,1.0,0.0,0.0,0.0,1.0,1.0,0.0
92,-0.2554513104366405,-0.2319667082568536,1.0,0.0,0.0,1.0,0.0,0.0,1.0,0.0,1.0,0.0,1.0
93,2.287386426877369,-0.5002397510893574,1.0,0.0,0.0,1.0,0.0,0.0,1.0,1.0,0.0,1.0,0.0
94,-0.10133993241760961,-0.4841333019887193,1.0,0.0,0.0,1.0,0.0,0.0,1.0,1.0,0.0,1.0,0.0
95,3.2120546949915547,0.05149068946527694,1.0,1.0,0.0,0.0,1.0,0.0,0.0,1.0,0.0,1.0,0.0
96,-0.4866183774651868,0.6293920965023105,1.0,1.0,0.0,0.0,1.0,0.0,0.0,1.0,0.0,0.0,1.0
97,0.36099420163948304,-0.18314403442054422,0.0,0.0,0.0,1.0,0.0,1.0,0.0,1.0,0.0,0.0,1.0
98,0.36099420163948304,-0.12274485029315124,1.0,0.0,0.0,1.0,0.0,1.0,0.0,0.0,1.0,1.0,0.0
99,-0.10133993241760961,-0.48723782005286725,0.0,0.0,0.0,1.0,0.0,0.0,1.0,1.0,0.0,1.0,0.0
100,-0.10133993241760961,-0.48723782005286725,1.0,0.0,0.0,1.0,0.0,0.0,1.0,1.0,0.0,1.0,0.0
101,-0.6407297554842177,0.9098295350180712,1.0,0.0,0.0,1.0,1.0,0.0,0.0,1.0,0.0,0.0,1.0
102,0.2839385126299676,-0.47196890630546234,1.0,0.0,0.0,1.0,0.0,0.0,1.0,1.0,0.0,1.0,0.0
103,0.5921612686680294,-0.48664993466069395,1.0,0.0,0.0,1.0,0.0,0.0,1.0,0.0,1.0,1.0,0.0
104,-0.10133993241760961,-0.48723782005286725,1.0,0.0,0.0,1.0,0.0,0.0,1.0,1.0,0.0,1.0,0.0
105,-0.6407297554842177,-0.4921865265390384,0.0,0.0,0.0,1.0,0.0,0.0,1.0,1.0,0.0,1.0,0.0
106,-0.10133993241760961,-0.48966989386706367,1.0,0.0,0.0,1.0,0.0,0.0,1.0,1.0,0.0,1.0,0.0
107,0.6692169576775449,-0.48723782005286725,1.0,0.0,0.0,1.0,0.0,0.0,1.0,1.0,0.0,1.0,0.0
108,-0.10133993241760961,-0.15999101383837694,0.0,0.0,1.0,0.0,0.0,0.0,1.0,0.0,1.0,1.0,0.0
109,1.3627181587631838,0.40071474547758795,1.0,0.0,0.0,1.0,1.0,0.0,0.0,1.0,0.0,1.0,0.0
110,-1.1415917340460682,-0.3551971503258359,0.0,1.0,0.0,0.0,0.0,0.0,1.0,0.0,1.0,1.0,0.0
111,-0.5636740664747023,-0.4841333019887193,1.0,0.0,0.0,1.0,0.0,0.0,1.0,1.0,0.0,1.0,0.0
112,-0.7177854444937332,-0.4483971180466784,0.0,0.0,0.0,1.0,0.0,0.0,1.0,0.0,1.0,1.0,0.0
113,-0.9489525115222794,-0.3551146047741951,0.0,1.0,0.0,0.0,0.0,0.0,1.0,1.0,0.0,1.0,0.0
114,-0.6407297554842177,-0.48664993466069395,1.0,0.0,0.0,1.0,0.0,0.0,1.0,1.0,0.0,1.0,0.0
115,3.173526850486797,-0.49017322040145855,1.0,0.0,1.0,0.0,0.0,0.0,1.0,1.0,0.0,1.0,0.0
116,-0.024284243408094167,-0.22341015717213955,1.0,0.0,0.0,1.0,0.0,1.0,0.0,0.0,1.0,1.0,0.0
117,-0.4095626884556714,4.337147012122648,1.0,1.0,0.0,0.0,1.0,0.0,0.0,1.0,0.0,0.0,1.0
118,-2.104787846665011,-0.016542951535818605,0.0,0.0,0.0,1.0,0.0,0.0,1.0,0.0,1.0,0.0,1.0
119,-0.6407297554842177,0.8335755650572377,1.0,0.0,0.0,1.0,0.0,1.0,0.0,0.0,1.0,1.0,0.0
120,-0.10133993241760961,-0.4841333019887193,1.0,0.0,0.0,1.0,0.0,0.0,1.0,1.0,0.0,1.0,0.0
121,0.2454106681252099,-0.040787184044554156,1.0,1.0,0.0,0.0,0.0,1.0,0.0,0.0,1.0,1.0,0.0
122,0.2454106681252099,-0.38447464817852084,0.0,0.0,0.0,1.0,0.0,1.0,0.0,1.0,0.0,1.0,0.0
123,1.902107981829792,0.9098295350180712,1.0,0.0,0.0,1.0,1.0,0.0,0.0,1.0,0.0,0.0,1.0
124,-1.3342309565698567,-0.41987460999558585,1.0,1.0,0.0,0.0,0.0,0.0,1.0,0.0,1.0,1.0,0.0
125,-0.10133993241760961,-0.49017322040145855,1.0,0.0,1.0,0.0,0.0,0.0,1.0,1.0,0.0,1.0,0.0
126,-0.4095626884556714,-0.5024201616363563,1.0,0.0,0.0,1.0,0.0,0.0,1.0,1.0,0.0,1.0,0.0
127,-0.10133993241760961,-0.19606341990539358,0.0,1.0,0.0,0.0,0.0,0.0,1.0,0.0,1.0,0.0,1.0
128,1.208606780744153,-0.5057763429677017,1.0,0.0,0.0,1.0,0.0,0.0,1.0,1.0,0.0,1.0,0.0
129,0.2839385126299676,-0.48723782005286725,1.0,1.0,0.0,0.0,0.0,0.0,1.0,1.0,0.0,1.0,0.0
130,-0.7177854444937332,-0.5042663633645169,1.0,0.0,0.0,1.0,0.0,0.0,1.0,1.0,0.0,1.0,0.0
131,1.3627181587631838,-0.35427505611482435,0.0,0.0,0.0,1.0,0.0,0.0,1.0,0.0,1.0,1.0,0.0
132,-0.024284243408094167,-0.12274485029315124,0.0,0.0,0.0,1.0,0.0,1.0,0.0,0.0,1.0,1.0,0.0
133,-0.3325069994461559,-0.38447464817852084,1.0,0.0,0.0,1.0,0.0,1.0,0.0,1.0,0.0,1.0,0.0
134,-0.4866183774651868,-0.343286431215914,1.0,1.0,0.0,0.0,0.0,1.0,0.0,1.0,0.0,1.0,0.0
135,-0.7948411335032486,-0.11704115400538775,0.0,0.0,0.0,1.0,1.0,0.0,0.0,1.0,0.0,0.0,1.0
136,0.5921612686680294,0.4228611129909654,1.0,0.0,0.0,1.0,1.0,0.0,0.0,0.0,1.0,1.0,0.0
137,-1.026008200531795,-0.46064405928157615,1.0,0.0,0.0,1.0,0.0,0.0,1.0,1.0,0.0,1.0,0.0
138,-0.4095626884556714,0.9483340148992845,1.0,1.0,0.0,0.0,1.0,0.0,0.0,1.0,0.0,1.0,0.0
139,-0.10133993241760961,-0.33925981894075447,0.0,1.0,0.0,0.0,0.0,0.0,1.0,1.0,0.0,0.0,1.0
140,-0.5636740664747023,-0.49017322040145855,0.0,0.0,0.0,1.0,0.0,0.0,1.0,1.0,0.0,1.0,0.0
141,-0.4095626884556714,-0.32709542325749746,0.0,0.0,0.0,1.0,0.0,0.0,1.0,0.0,1.0,1.0,0.0
142,-0.7948411335032486,-0.5103062817772562,1.0,0.0,1.0,0.0,0.0,0.0,1.0,1.0,0.0,1.0,0.0
143,-0.871896822512764,-0.41467424024221733,1.0,0.0,0.0,1.0,0.0,1.0,0.0,1.0,0.0,1.0,0.0
144,-0.7948411335032486,0.09368555949667362,1.0,0.0,0.0,1.0,0.0,1.0,0.0,0.0,1.0,0.0,1.0
145,-0.17839562142712506,-0.489251126190447,1.0,0.0,0.0,1.0,0.0,0.0,1.0,1.0,0.0,1.0,0.0
146,-1.565398023598403,0.045869538729154176,0.0,0.0,0.0,1.0,0.0,0.0,1.0,0.0,1.0,0.0,1.0
147,0.5536334241632717,-0.12274485029315124,1.0,0.0,0.0,1.0,0.0,1.0,0.0,1.0,0.0,0.0,1.0
148,0.9774397137156066,-0.38447464817852084,1.0,0.0,0.0,1.0,0.0,1.0,0.0,1.0,0.0,1.0,0.0
149,1.6709409148012455,-0.39403785233202476,1.0,0.0,0.0,1.0,0.0,1.0,0.0,1.0,0.0,1.0,0.0
150,-0.5636740664747023,0.6946574415642337,0.0,0.0,0.0,1.0,1.0,0.0,0.0,0.0,1.0,1.0,0.0
151,2.017691515344065,-0.4841333019887193,1.0,0.0,0.0,1.0,0.0,0.0,1.0,1.0,0.0,1.0,0.0
152,0.8618561802013335,-0.35427505611482435,1.0,0.0,0.0,1.0,0.0,0.0,1.0,1.0,0.0,0.0,1.0
153,-0.10133993241760961,-0.49898143475337003,1.0,0.0,0.0,1.0,0.0,0.0,1.0,1.0,0.0,1.0,0.0
154,1.6709409148012455,0.5895467547334693,1.0,1.0,0.0,0.0,1.0,0.0,0.0,1.0,0.0,0.0,1.0
155,-1.026008200531795,-0.4905094425264344,0.0,0.0,1.0,0.0,0.0,0.0,1.0,1.0,0.0,1.0,0.0
156,0.052771445601421274,-0.4841333019887193,1.0,0.0,0.0,1.0,0.0,0.0,1.0,1.0,0.0,1.0,0.0
157,-0.10133993241760961,-0.4718018018960432,1.0,0.0,0.0,1.0,0.0,0.0,1.0,1.0,0.0,1.0,0.0
158,-0.10133993241760961,0.7540499726228369,1.0,0.0,0.0,1.0,0.0,0.0,1.0,0.0,1.0,0.0,1.0
159,1.1315510917346374,-0.3220621579135481,1.0,0.0,0.0,1.0,0.0,0.0,1.0,1.0,0.0,0.0,1.0
160,0.8233283356965757,-0.3291087293950773,0.0,0.0,0.0,1.0,0.0,1.0,0.0,1.0,0.0,1.0,0.0
161,-0.2554513104366405,-0.48966989386706367,1.0,0.0,0.0,1.0,0.0,0.0,1.0,1.0,0.0,1.0,0.0
162,-0.9489525115222794,-0.4718018018960432,1.0,0.0,0.0,1.0,0.0,0.0,1.0,1.0,0.0,1.0,0.0
163,-2.1818435356745267,0.15282642728807924,1.0,0.0,0.0,1.0,0.0,0.0,1.0,0.0,1.0,0.0,1.0
164,-1.565398023598403,-0.23297336132564347,1.0,0.0,0.0,1.0,0.0,0.0,1.0,1.0,0.0,0.0,1.0
165,-0.10133993241760961,0.46111392960498093,0.0,0.0,0.0,1.0,1.0,0.0,0.0,1.0,0.0,0.0,1.0
166,1.208606780744153,-0.08449203367913571,0.0,0.0,0.0,1.0,0.0,0.0,1.0,0.0,1.0,0.0,1.0
167,-0.10133993241760961,-0.12425482989633606,1.0,0.0,0.0,1.0,1.0,0.0,0.0,1.0,0.0,1.0,0.0
168,-0.10133993241760961,0.4912289628108992,1.0,0.0,0.0,1.0,0.0,0.0,1.0,1.0,0.0,1.0,0.0
169,2.4414978048964002,0.02825311002533122,1.0,0.0,0.0,1.0,1.0,0.0,0.0,1.0,0.0,1.0,0.0
170,-1.9506764686459803,-0.05982903349378355,1.0,0.0,1.0,0.0,0.0,0.0,1.0,0.0,1.0,0.0,1.0
171,-2.1818435356745267,-0.4220570338487224,0.0,0.0,0.0,1.0,0.0,0.0,1.0,0.0,1.0,0.0,1.0
172,-0.6407297554842177,-0.48664993466069395,1.0,0.0,0.0,1.0,0.0,0.0,1.0,1.0,0.0,1.0,0.0
173,2.0562193598488228,-0.028204020684680614,1.0,1.0,0.0,0.0,1.0,0.0,0.0,1.0,0.0,1.0,0.0
174,-0.871896822512764,-0.4880753554061005,1.0,0.0,0.0,1.0,0.0,0.0,1.0,0.0,1.0,0.0,1.0
175,-0.10133993241760961,-0.13348181192486414,1.0,0.0,0.0,1.0,0.0,0.0,1.0,0.0,1.0,0.0,1.0
176,1.5938852257917302,-0.06813392131130011,0.0,1.0,0.0,0.0,1.0,0.0,0.0,1.0,0.0,1.0,0.0
177,0.052771445601421274,-0.38447464817852084,1.0,0.0,0.0,1.0,0.0,1.0,0.0,1.0,0.0,1.0,0.0
178,0.5151055796585139,-0.6462044460638905,1.0,0.0,0.0,1.0,0.0,0.0,1.0,1.0,0.0,1.0,0.0
179,-0.10133993241760961,0.7540499726228369,0.0,0.0,0.0,1.0,0.0,0.0,1.0,0.0,1.0,0.0,1.0
180,-0.10133993241760961,-0.34320187235813565,1.0,1.0,0.0,0.0,0.0,1.0,0.0,1.0,0.0,1.0,0.0
181,-1.565398023598403,-0.014277982131041355,1.0,0.0,0.0,1.0,0.0,0.0,1.0,0.0,1.0,0.0,1.0
182,-2.1818435356745267,0.13898494759221836,1.0,0.0,0.0,1.0,0.0,1.0,0.0,0.0,1.0,0.0,1.0
183,-1.9506764686459803,-0.20277376926194698,0.0,0.0,0.0,1.0,0.0,0.0,1.0,1.0,0.0,0.0,1.0
184,-0.10133993241760961,0.36044862272599265,1.0,0.0,0.0,1.0,1.0,0.0,0.0,1.0,0.0,1.0,0.0
185,-0.10133993241760961,-0.33414199473902667,0.0,0.0,1.0,0.0,0.0,0.0,1.0,0.0,1.0,1.0,0.0
186,1.208606780744153,-0.11167166653646252,1.0,0.0,0.0,1.0,1.0,0.0,0.0,1.0,0.0,1.0,0.0
187,0.8233283356965757,-0.33414199473902667,1.0,0.0,1.0,0.0,0.0,0.0,1.0,0.0,1.0,0.0,1.0
188,0.5151055796585139,-0.48723782005286725,1.0,0.0,0.0,1.0,0.0,0.0,1.0,1.0,0.0,1.0,0.0
189,0.20688282362045216,-0.38447464817852084,0.0,0.0,0.0,1.0,0.0,1.0,0.0,1.0,0.0,1.0,0.0
190,-0.7948411335032486,-0.38447464817852084,1.0,0.0,0.0,1.0,0.0,1.0,0.0,1.0,0.0,1.0,0.0
191,-0.7948411335032486,-0.4880753554061005,0.0,0.0,0.0,1.0,0.0,0.0,1.0,0.0,1.0,1.0,0.0
192,-2.0277321576554956,-0.12274485029315124,1.0,0.0,0.0,1.0,0.0,1.0,0.0,0.0,1.0,0.0,1.0
193,1.1315510917346374,-0.08809987827767862,0.0,1.0,0.0,0.0,1.0,0.0,0.0,1.0,0.0,1.0,0.0
194,2.210330737867854,2.3037078131670836,0.0,1.0,0.0,0.0,1.0,0.0,0.0,1.0,0.0,1.0,0.0
195,-0.10133993241760961,-0.49017322040145855,1.0,0.0,1.0,0.0,0.0,0.0,1.0,1.0,0.0,1.0,0.0
196,0.9774397137156066,-0.4770021716494118,1.0,0.0,0.0,1.0,0.0,0.0,1.0,1.0,0.0,0.0,1.0
197,-0.10133993241760961,-0.49017322040145855,0.0,0.0,1.0,0.0,0.0,0.0,1.0,1.0,0.0,1.0,0.0
198,-0.4095626884556714,-0.38447464817852084,0.0,0.0,0.0,1.0,0.0,1.0,0.0,1.0,0.0,1.0,0.0
199,-0.10133993241760961,-0.4549403629938127,1.0,0.0,0.0,1.0,0.0,0.0,1.0,1.0,0.0,1.0,0.0
200,-0.10133993241760961,0.7540499726228369,1.0,0.0,0.0,1.0,0.0,0.0,1.0,0.0,1.0,0.0,1.0
201,0.36099420163948304,-0.515424105978984,1.0,0.0,0.0,1.0,0.0,0.0,1.0,1.0,0.0,1.0,0.0
202,1.2471346252489106,-0.5007430776237524,1.0,1.0,0.0,0.0,0.0,0.0,1.0,1.0,0.0,1.0,0.0
203,-0.871896822512764,-0.4841333019887193,1.0,0.0,0.0,1.0,0.0,0.0,1.0,1.0,0.0,1.0,0.0
204,-2.104787846665011,-0.43556229141960745,0.0,0.0,0.0,1.0,0.0,0.0,1.0,1.0,0.0,0.0,1.0
205,0.20688282362045216,-0.32709542325749746,1.0,0.0,0.0,1.0,0.0,0.0,1.0,0.0,1.0,1.0,0.0
206,-0.2554513104366405,-0.26795455546609187,1.0,1.0,0.0,0.0,0.0,0.0,1.0,1.0,0.0,1.0,0.0
207,-1.026008200531795,-0.49017322040145855,0.0,0.0,1.0,0.0,0.0,0.0,1.0,1.0,0.0,1.0,0.0
208,0.8233283356965757,-0.022079543414162937,1.0,1.0,0.0,0.0,1.0,0.0,0.0,1.0,0.0,1.0,0.0
209,-0.4095626884556714,-0.5042663633645169,1.0,0.0,0.0,1.0,0.0,0.0,1.0,1.0,0.0,1.0,0.0
210,0.4380498906489985,-0.22341015717213955,0.0,0.0,0.0,1.0,0.0,1.0,0.0,1.0,0.0,1.0,0.0
211,-0.5636740664747023,-0.5002397510893574,1.0,0.0,0.0,1.0,0.0,0.0,1.0,1.0,0.0,1.0,0.0
212,0.052771445601421274,-0.38447464817852084,1.0,0.0,0.0,1.0,0.0,1.0,0.0,1.0,0.0,1.0,0.0
213,-0.10133993241760961,-0.49017322040145855,1.0,0.0,1.0,0.0,0.0,0.0,1.0,0.0,1.0,1.0,0.0
214,0.12982713461093673,1.6343680812795898,0.0,1.0,0.0,0.0,1.0,0.0,0.0,0.0,1.0,1.0,0.0
215,-0.17839562142712506,-0.48664993466069395,0.0,0.0,0.0,1.0,0.0,0.0,1.0,1.0,0.0,1.0,0.0
216,0.9774397137156066,-0.10261178891735358,1.0,0.0,0.0,1.0,0.0,1.0,0.0,0.0,1.0,1.0,0.0
217,0.20688282362045216,0.8897810325000521,0.0,1.0,0.0,0.0,1.0,0.0,0.0,1.0,0.0,1.0,0.0
218,0.052771445601421274,-0.434807301618015,1.0,0.0,0.0,1.0,0.0,1.0,0.0,1.0,0.0,1.0,0.0
219,-1.026008200531795,-0.4841333019887193,1.0,0.0,0.0,1.0,0.0,0.0,1.0,1.0,0.0,1.0,0.0
220,-0.17839562142712506,-0.38447464817852084,1.0,0.0,0.0,1.0,0.0,1.0,0.0,1.0,0.0,1.0,0.0
221,1.6709409148012455,-0.4841333019887193,1.0,0.0,0.0,1.0,0.0,0.0,1.0,1.0,0.0,1.0,0.0
222,-0.10133993241760961,-0.48723782005286725,1.0,0.0,0.0,1.0,0.0,0.0,1.0,1.0,0.0,1.0,0.0
223,0.6692169576775449,1.1657710777578991,1.0,0.0,0.0,1.0,1.0,0.0,0.0,0.0,1.0,1.0,0.0
224,-0.5636740664747023,-0.4579603222001823,1.0,0.0,0.0,1.0,0.0,0.0,1.0,1.0,0.0,1.0,0.0
225,-0.7948411335032486,-0.434807301618015,1.0,0.0,0.0,1.0,0.0,1.0,0.0,1.0,0.0,1.0,0.0
226,-0.6792575999889754,-0.5002397510893574,1.0,0.0,0.0,1.0,0.0,0.0,1.0,1.0,0.0,1.0,0.0
227,-0.871896822512764,-0.38447464817852084,1.0,0.0,0.0,1.0,0.0,1.0,0.0,1.0,0.0,1.0,0.0
228,-0.10133993241760961,-0.13348181192486414,0.0,0.0,0.0,1.0,0.0,0.0,1.0,0.0,1.0,0.0,1.0
229,0.4380498906489985,1.0344028522808193,0.0,0.0,0.0,1.0,1.0,0.0,0.0,0.0,1.0,1.0,0.0
230,-0.024284243408094167,-0.48966989386706367,1.0,0.0,0.0,1.0,0.0,0.0,1.0,1.0,0.0,1.0,0.0
231,2.287386426877369,-0.374408117490622,1.0,0.0,0.0,1.0,0.0,1.0,0.0,1.0,0.0,1.0,0.0
232,-1.8736207796364648,-0.014277982131041355,0.0,0.0,0.0,1.0,0.0,0.0,1.0,0.0,1.0,0.0,1.0
233,-0.4095626884556714,-0.434807301618015,1.0,0.0,0.0,1.0,0.0,1.0,0.0,1.0,0.0,1.0,0.0
234,-0.10133993241760961,-0.4941998326766181,0.0,0.0,0.0,1.0,0.0,0.0,1.0,1.0,0.0,1.0,0.0
235,1.1315510917346374,-0.12274485029315124,1.0,0.0,0.0,1.0,0.0,1.0,0.0,0.0,1.0,1.0,0.0
236,-1.6424537126079184,-0.11771158494920184,0.0,0.0,0.0,1.0,0.0,1.0,0.0,1.0,0.0,0.0,1.0
237,-0.7948411335032486,-0.434807301618015,1.0,0.0,0.0,1.0,0.0,1.0,0.0,1.0,0.0,1.0,0.0
238,0.2839385126299676,-0.3990711176759742,1.0,0.0,0.0,1.0,0.0,1.0,0.0,1.0,0.0,1.0,0.0
239,-0.10133993241760961,-0.3551971503258359,0.0,1.0,0.0,0.0,0.0,0.0,1.0,0.0,1.0,1.0,0.0
240,-0.10133993241760961,-0.33414199473902667,0.0,0.0,1.0,0.0,0.0,0.0,1.0,0.0,1.0,1.0,0.0
241,-0.024284243408094167,-0.434807301618015,1.0,0.0,0.0,1.0,0.0,1.0,0.0,1.0,0.0,1.0,0.0
242,-0.5636740664747023,-0.5027563837613321,1.0,0.0,0.0,1.0,0.0,0.0,1.0,1.0,0.0,1.0,0.0
243,0.052771445601421274,-0.5007430776237524,1.0,1.0,0.0,0.0,0.0,0.0,1.0,1.0,0.0,1.0,0.0
244,1.1315510917346374,1.1657710777578991,1.0,0.0,1.0,0.0,1.0,0.0,0.0,0.0,1.0,1.0,0.0
245,-0.3325069994461559,-0.48966989386706367,0.0,0.0,0.0,1.0,0.0,0.0,1.0,1.0,0.0,1.0,0.0
246,-0.4095626884556714,-0.35427505611482435,0.0,0.0,0.0,1.0,0.0,1.0,0.0,1.0,0.0,0.0,1.0
247,0.5921612686680294,0.41187248809205507,1.0,0.0,0.0,1.0,1.0,0.0,0.0,0.0,1.0,0.0,1.0
248,1.902107981829792,-0.12274485029315124,1.0,0.0,0.0,1.0,0.0,1.0,0.0,0.0,1.0,1.0,0.0
249,-0.10133993241760961,-0.5002397510893574,1.0,0.0,0.0,1.0,0.0,0.0,1.0,1.0,0.0,1.0,0.0
250,-0.024284243408094167,-0.43556229141960745,0.0,0.0,0.0,1.0,0.0,0.0,1.0,0.0,1.0,0.0,1.0
251,2.5185534939059155,-0.11167166653646252,1.0,0.0,0.0,1.0,1.0,0.0,0.0,1.0,0.0,1.0,0.0
252,0.052771445601421274,-0.3220621579135481,1.0,0.0,0.0,1.0,0.0,0.0,1.0,0.0,1.0,1.0,0.0
253,0.9003840247060911,-0.23926494300558024,0.0,0.0,0.0,1.0,0.0,0.0,1.0,1.0,0.0,0.0,1.0
254,-0.024284243408094167,-0.33925981894075447,0.0,1.0,0.0,0.0,0.0,0.0,1.0,1.0,0.0,0.0,1.0
255,-0.10133993241760961,0.9483340148992845,0.0,1.0,0.0,0.0,1.0,0.0,0.0,1.0,0.0,1.0,0.0
256,0.052771445601421274,1.0953053629426073,0.0,0.0,0.0,1.0,1.0,0.0,0.0,1.0,0.0,1.0,0.0
257,0.4380498906489985,9.668550782149426,0.0,1.0,0.0,0.0,1.0,0.0,0.0,1.0,0.0,1.0,0.0
258,1.5938852257917302,-0.12274485029315124,0.0,0.0,0.0,1.0,0.0,1.0,0.0,1.0,0.0,0.0,1.0
259,-0.10133993241760961,-0.49017322040145855,1.0,0.0,1.0,0.0,0.0,0.0,1.0,1.0,0.0,1.0,0.0
260,-2.0277321576554956,-0.014277982131041355,1.0,0.0,0.0,1.0,0.0,0.0,1.0,0.0,1.0,0.0,1.0
261,1.747996603810761,0.9573938925183935,1.0,0.0,0.0,1.0,1.0,0.0,0.0,0.0,1.0,0.0,1.0
262,0.8233283356965757,-0.6462044460638905,1.0,0.0,0.0,1.0,1.0,0.0,0.0,1.0,0.0,1.0,0.0
263,-0.10133993241760961,-0.49017322040145855,0.0,0.0,1.0,0.0,0.0,0.0,1.0,1.0,0.0,1.0,0.0
264,0.5151055796585139,-0.434807301618015,1.0,0.0,0.0,1.0,0.0,1.0,0.0,1.0,0.0,1.0,0.0
265,-1.026008200531795,0.15282642728807924,1.0,0.0,0.0,1.0,0.0,0.0,1.0,0.0,1.0,0.0,1.0
266,-0.3325069994461559,-0.48966989386706367,1.0,0.0,0.0,1.0,0.0,0.0,1.0,0.0,1.0,1.0,0.0
267,2.210330737867854,2.443465485319458,0.0,0.0,0.0,1.0,1.0,0.0,0.0,1.0,0.0,0.0,1.0
268,0.4380498906489985,2.084509107438086,0.0,0.0,0.0,1.0,1.0,0.0,0.0,1.0,0.0,1.0,0.0
269,-0.10133993241760961,-0.022079543414162937,1.0,0.0,0.0,1.0,1.0,0.0,0.0,1.0,0.0,1.0,0.0
270,-0.3325069994461559,-0.6462044460638905,1.0,0.0,0.0,1.0,0.0,0.0,1.0,1.0,0.0,1.0,0.0
271,0.9003840247060911,-0.25360974923583607,0.0,0.0,0.0,1.0,0.0,1.0,0.0,1.0,0.0,0.0,1.0
272,0.5921612686680294,-0.04825252320269991,1.0,1.0,0.0,0.0,1.0,0.0,0.0,1.0,0.0,0.0,1.0
273,-0.10133993241760961,-0.49017322040145855,0.0,0.0,1.0,0.0,0.0,0.0,1.0,1.0,0.0,1.0,0.0
274,2.5956091829154313,0.9233347925889563,0.0,0.0,0.0,1.0,1.0,0.0,0.0,0.0,1.0,1.0,0.0
275,1.208606780744153,-0.49017322040145855,0.0,0.0,0.0,1.0,0.0,0.0,1.0,1.0,0.0,1.0,0.0
276,-0.10133993241760961,-0.6462044460638905,1.0,0.0,0.0,1.0,0.0,1.0,0.0,1.0,0.0,1.0,0.0
277,-1.719509401617434,-0.05982903349378355,1.0,0.0,1.0,0.0,0.0,0.0,1.0,0.0,1.0,0.0,1.0
278,0.4380498906489985,-0.2385099532039878,0.0,0.0,0.0,1.0,0.0,0.0,1.0,0.0,1.0,0.0,1.0
279,2.749720560934462,-0.49017322040145855,1.0,0.0,1.0,0.0,0.0,0.0,1.0,1.0,0.0,1.0,0.0
280,-0.10133993241760961,-0.4880753554061005,1.0,0.0,0.0,1.0,0.0,0.0,1.0,1.0,0.0,1.0,0.0
281,-1.026008200531795,-0.4549403629938127,1.0,0.0,0.0,1.0,0.0,0.0,1.0,1.0,0.0,1.0,0.0
282,-0.7948411335032486,-0.4841333019887193,1.0,0.0,0.0,1.0,0.0,0.0,1.0,1.0,0.0,1.0,0.0
283,-0.10133993241760961,-0.12274485029315124,1.0,0.0,0.0,1.0,1.0,0.0,0.0,1.0,0.0,1.0,0.0
284,0.2839385126299676,-0.4718018018960432,1.0,1.0,0.0,0.0,0.0,0.0,1.0,1.0,0.0,1.0,0.0
285,0.052771445601421274,-0.4549403629938127,1.0,0.0,0.0,1.0,0.0,0.0,1.0,1.0,0.0,1.0,0.0
286,-0.5636740664747023,-0.48723782005286725,1.0,0.0,0.0,1.0,0.0,0.0,1.0,1.0,0.0,1.0,0.0
287,0.9774397137156066,-0.38447464817852084,1.0,0.0,0.0,1.0,0.0,1.0,0.0,1.0,0.0,1.0,0.0
288,-0.5636740664747023,-0.49017322040145855,0.0,0.0,1.0,0.0,0.0,0.0,1.0,1.0,0.0,1.0,0.0
289,-0.2554513104366405,0.941287443417755,0.0,0.0,0.0,1.0,1.0,0.0,0.0,1.0,0.0,1.0,0.0
290,-0.7948411335032486,1.1874986775946599,0.0,1.0,0.0,0.0,1.0,0.0,0.0,0.0,1.0,1.0,0.0
291,0.5151055796585139,-0.38699128085049556,1.0,1.0,0.0,0.0,0.0,1.0,0.0,1.0,0.0,1.0,0.0
292,-0.4095626884556714,-0.4680268528880811,0.0,0.0,0.0,1.0,0.0,0.0,1.0,1.0,0.0,1.0,0.0
293,-0.4095626884556714,-0.48723782005286725,1.0,0.0,0.0,1.0,0.0,0.0,1.0,1.0,0.0,1.0,0.0
294,-0.10133993241760961,-0.08809987827767862,1.0,1.0,0.0,0.0,1.0,0.0,0.0,1.0,0.0,1.0,0.0
295,-0.4480905329604291,-0.500658518765974,1.0,1.0,0.0,0.0,0.0,0.0,1.0,1.0,0.0,1.0,0.0
296,-2.104787846665011,2.404961005438245,0.0,0.0,0.0,1.0,1.0,0.0,0.0,0.0,1.0,0.0,1.0
297,-0.10133993241760961,-0.032146074102061765,1.0,0.0,0.0,1.0,1.0,0.0,0.0,1.0,0.0,1.0,0.0
298,1.5938852257917302,4.337147012122648,0.0,1.0,0.0,0.0,1.0,0.0,0.0,1.0,0.0,0.0,1.0
299,-0.10133993241760961,-0.49017322040145855,0.0,0.0,1.0,0.0,0.0,0.0,1.0,1.0,0.0,1.0,0.0
300,-0.10133993241760961,-0.17811076907659482,1.0,0.0,1.0,0.0,0.0,0.0,1.0,0.0,1.0,1.0,0.0
301,-0.7948411335032486,-0.6462044460638905,1.0,0.0,0.0,1.0,0.0,0.0,1.0,1.0,0.0,1.0,0.0
302,-0.10133993241760961,-0.3975611380727893,0.0,0.0,1.0,0.0,0.0,1.0,0.0,1.0,0.0,1.0,0.0
303,-0.10133993241760961,-0.4841333019887193,1.0,0.0,0.0,1.0,0.0,0.0,1.0,1.0,0.0,1.0,0.0
304,-2.188007990795288,2.404961005438245,1.0,0.0,0.0,1.0,1.0,0.0,0.0,0.0,1.0,0.0,1.0
305,-0.10133993241760961,1.5862158383870948,0.0,1.0,0.0,0.0,1.0,0.0,0.0,1.0,0.0,1.0,0.0
306,-0.9489525115222794,1.546285937760475,0.0,1.0,0.0,0.0,1.0,0.0,0.0,0.0,1.0,1.0,0.0
307,0.052771445601421274,-0.16301097304474657,1.0,1.0,0.0,0.0,0.0,1.0,0.0,0.0,1.0,1.0,0.0
308,0.052771445601421274,0.4999546316111698,0.0,1.0,0.0,0.0,1.0,0.0,0.0,1.0,0.0,1.0,0.0
309,-0.4095626884556714,1.0280267117431041,0.0,1.0,0.0,0.0,1.0,0.0,0.0,1.0,0.0,1.0,0.0
310,-0.871896822512764,4.636207532411021,0.0,1.0,0.0,0.0,1.0,0.0,0.0,0.0,1.0,0.0,1.0
311,-0.2554513104366405,-0.12274485029315124,0.0,0.0,0.0,1.0,0.0,1.0,0.0,0.0,1.0,0.0,1.0
312,-0.10133993241760961,-0.48723782005286725,1.0,0.0,0.0,1.0,0.0,0.0,1.0,1.0,0.0,1.0,0.0
313,1.054495402725122,-0.11771158494920184,1.0,0.0,0.0,1.0,0.0,1.0,0.0,0.0,1.0,0.0,1.0
314,-0.2554513104366405,-0.4880753554061005,0.0,0.0,0.0,1.0,0.0,0.0,1.0,1.0,0.0,1.0,0.0
315,-0.4095626884556714,-0.12274485029315124,0.0,0.0,0.0,1.0,0.0,1.0,0.0,0.0,1.0,1.0,0.0
316,1.902107981829792,-0.36434158680272316,1.0,0.0,0.0,1.0,0.0,1.0,0.0,1.0,0.0,1.0,0.0
317,0.12982713461093673,2.67306694386133,0.0,0.0,0.0,1.0,1.0,0.0,0.0,1.0,0.0,0.0,1.0
318,0.8233283356965757,2.061692308980895,0.0,1.0,0.0,0.0,1.0,0.0,0.0,0.0,1.0,0.0,1.0
319,-0.5636740664747023,-0.5002397510893574,1.0,0.0,0.0,1.0,0.0,0.0,1.0,1.0,0.0,1.0,0.0
320,-0.17839562142712506,-0.48723782005286725,1.0,0.0,0.0,1.0,0.0,0.0,1.0,1.0,0.0,1.0,0.0
321,0.052771445601421274,-0.3975611380727893,0.0,0.0,1.0,0.0,0.0,1.0,0.0,1.0,0.0,1.0,0.0
322,-0.5636740664747023,-0.06234566616575826,0.0,0.0,0.0,1.0,0.0,1.0,0.0,0.0,1.0,0.0,1.0
323,-0.10133993241760961,0.7540499726228369,1.0,0.0,0.0,1.0,0.0,0.0,1.0,0.0,1.0,0.0,1.0
324,0.5151055796585139,2.084509107438086,0.0,1.0,0.0,0.0,1.0,0.0,0.0,1.0,0.0,1.0,0.0
325,2.4414978048964002,-0.5206244757323525,1.0,0.0,0.0,1.0,0.0,0.0,1.0,1.0,0.0,1.0,0.0
326,0.5151055796585139,-0.38447464817852084,0.0,0.0,0.0,1.0,0.0,1.0,0.0,1.0,0.0,1.0,0.0
327,0.12982713461093673,-0.23297336132564347,0.0,0.0,0.0,1.0,0.0,0.0,1.0,0.0,1.0,0.0,1.0
328,-1.026008200531795,0.5210943460557573,0.0,1.0,0.0,0.0,1.0,0.0,0.0,1.0,0.0,0.0,1.0
329,-0.10133993241760961,-0.17811076907659482,0.0,0.0,1.0,0.0,0.0,0.0,1.0,0.0,1.0,1.0,0.0
330,1.2471346252489106,-0.07241219685365709,1.0,0.0,0.0,1.0,1.0,0.0,0.0,1.0,0.0,1.0,0.0
331,0.6692169576775449,2.443465485319458,1.0,0.0,0.0,1.0,1.0,0.0,0.0,1.0,0.0,0.0,1.0
332,-1.026008200531795,-0.28380934129953256,1.0,0.0,0.0,1.0,0.0,0.0,1.0,0.0,1.0,1.0,0.0
333,-0.10133993241760961,2.044579206811467,0.0,0.0,0.0,1.0,1.0,0.0,0.0,0.0,1.0,1.0,0.0
334,-0.10133993241760961,-0.48723782005286725,1.0,0.0,0.0,1.0,0.0,0.0,1.0,1.0,0.0,1.0,0.0
335,-0.024284243408094167,0.6946574415642337,1.0,0.0,0.0,1.0,1.0,0.0,0.0,0.0,1.0,1.0,0.0
336,0.9003840247060911,2.061692308980895,0.0,1.0,0.0,0.0,1.0,0.0,0.0,1.0,0.0,1.0,0.0
337,1.208606780744153,-0.4841333019887193,1.0,0.0,0.0,1.0,0.0,0.0,1.0,1.0,0.0,1.0,0.0
338,1.208606780744153,0.06851923277692655,1.0,0.0,0.0,1.0,1.0,0.0,0.0,1.0,0.0,1.0,0.0
339,-2.104787846665011,-0.12274485029315124,1.0,0.0,0.0,1.0,0.0,1.0,0.0,0.0,1.0,0.0,1.0
340,-0.4095626884556714,4.648790695770894,0.0,0.0,0.0,1.0,1.0,0.0,0.0,0.0,1.0,0.0,1.0
341,-0.10133993241760961,-0.38447464817852084,1.0,0.0,0.0,1.0,0.0,1.0,0.0,1.0,0.0,1.0,0.0
342,-0.3325069994461559,-0.38447464817852084,1.0,0.0,0.0,1.0,0.0,1.0,0.0,1.0,0.0,1.0,0.0
343,0.5151055796585139,-0.38447464817852084,1.0,0.0,0.0,1.0,0.0,1.0,0.0,1.0,0.0,1.0,0.0
344,-0.4095626884556714,-0.38447464817852084,0.0,0.0,0.0,1.0,0.0,1.0,0.0,1.0,0.0,1.0,0.0
345,0.8233283356965757,-0.38447464817852084,0.0,0.0,0.0,1.0,0.0,1.0,0.0,1.0,0.0,1.0,0.0
346,-0.10133993241760961,-0.3220621579135481,0.0,0.0,0.0,1.0,0.0,0.0,1.0,0.0,1.0,1.0,0.0
347,-2.0277321576554956,-0.32608877018870763,1.0,0.0,0.0,1.0,0.0,0.0,1.0,0.0,1.0,0.0,1.0
348,0.9774397137156066,-0.4718018018960432,1.0,0.0,0.0,1.0,0.0,0.0,1.0,1.0,0.0,1.0,0.0
349,-0.4866183774651868,-0.460476954872157,1.0,0.0,0.0,1.0,0.0,0.0,1.0,1.0,0.0,1.0,0.0
350,-0.10133993241760961,0.05845270208902771,1.0,0.0,0.0,1.0,1.0,0.0,0.0,1.0,0.0,1.0,0.0
351,-1.1030638895413103,-0.500658518765974,1.0,1.0,0.0,0.0,0.0,0.0,1.0,0.0,1.0,0.0,1.0
352,-0.3325069994461559,-0.28783595357469205,1.0,0.0,0.0,1.0,0.0,0.0,1.0,0.0,1.0,1.0,0.0
353,-0.10133993241760961,-0.5007430776237524,1.0,1.0,0.0,0.0,0.0,0.0,1.0,1.0,0.0,1.0,0.0
354,-0.10133993241760961,-0.4549403629938127,1.0,0.0,0.0,1.0,0.0,0.0,1.0,1.0,0.0,1.0,0.0
355,-0.5636740664747023,0.46111392960498093,0.0,0.0,0.0,1.0,1.0,0.0,0.0,1.0,0.0,0.0,1.0
356,0.6692169576775449,-0.38447464817852084,0.0,0.0,0.0,1.0,0.0,1.0,0.0,1.0,0.0,1.0,0.0
357,-0.10133993241760961,-0.4875720288717055,0.0,0.0,1.0,0.0,0.0,0.0,1.0,1.0,0.0,1.0,0.0
358,-0.10133993241760961,-0.4875720288717055,0.0,0.0,1.0,0.0,0.0,0.0,1.0,1.0,0.0,1.0,0.0
359,0.8233283356965757,-0.08449203367913571,1.0,0.0,0.0,1.0,0.0,0.0,1.0,0.0,1.0,0.0,1.0
360,-0.024284243408094167,-0.08809987827767862,1.0,1.0,0.0,0.0,0.0,1.0,0.0,0.0,1.0,1.0,0.0
361,1.208606780744153,-0.3551971503258359,0.0,1.0,0.0,0.0,0.0,0.0,1.0,1.0,0.0,0.0,1.0
362,0.4380498906489985,-0.5042663633645169,1.0,0.0,0.0,1.0,0.0,0.0,1.0,1.0,0.0,1.0,0.0
363,-0.10133993241760961,-0.33414199473902667,1.0,0.0,1.0,0.0,0.0,0.0,1.0,0.0,1.0,1.0,0.0
364,0.052771445601421274,-0.5002397510893574,1.0,0.0,0.0,1.0,0.0,0.0,1.0,1.0,0.0,1.0,0.0
365,2.3644421158868845,0.8688084224648837,0.0,1.0,0.0,0.0,1.0,0.0,0.0,0.0,1.0,1.0,0.0
366,-0.10133993241760961,-0.500658518765974,0.0,1.0,0.0,0.0,0.0,0.0,1.0,1.0,0.0,1.0,0.0
367,-0.10133993241760961,-0.49017322040145855,0.0,0.0,1.0,0.0,0.0,0.0,1.0,1.0,0.0,1.0,0.0
368,-0.4095626884556714,0.7490167072788875,0.0,1.0,0.0,0.0,1.0,0.0,0.0,1.0,0.0,1.0,0.0
369,-0.3325069994461559,0.4700067028146707,1.0,1.0,0.0,0.0,1.0,0.0,0.0,0.0,1.0,1.0,0.0
370,-0.871896822512764,-0.515424105978984,1.0,0.0,0.0,1.0,0.0,0.0,1.0,0.0,1.0,1.0,0.0
371,-0.7948411335032486,-0.4841333019887193,1.0,0.0,0.0,1.0,0.0,0.0,1.0,1.0,0.0,1.0,0.0
372,-0.5636740664747023,2.084509107438086,1.0,1.0,0.0,0.0,1.0,0.0,0.0,1.0,0.0,1.0,0.0
373,-2.0277321576554956,-0.22190017756895475,0.0,0.0,0.0,1.0,0.0,0.0,1.0,0.0,1.0,0.0,1.0
374,-0.10133993241760961,1.008145313634504,0.0,1.0,0.0,0.0,1.0,0.0,0.0,0.0,1.0,1.0,0.0
375,-0.5636740664747023,-0.5002397510893574,0.0,0.0,0.0,1.0,0.0,0.0,1.0,1.0,0.0,1.0,0.0
376,-0.17839562142712506,3.6119380349173147,1.0,1.0,0.0,0.0,1.0,0.0,0.0,1.0,0.0,0.0,1.0
377,-0.7177854444937332,-0.5654205372935024,1.0,1.0,0.0,0.0,0.0,0.0,1.0,1.0,0.0,1.0,0.0
378,-0.7948411335032486,-0.48966989386706367,1.0,0.0,0.0,1.0,0.0,0.0,1.0,1.0,0.0,1.0,0.0
379,0.9774397137156066,3.9345703434644728,0.0,1.0,0.0,0.0,1.0,0.0,0.0,1.0,0.0,1.0,0.0
380,-2.1818435356745267,-0.3292758338044964,0.0,1.0,0.0,0.0,0.0,0.0,1.0,1.0,0.0,0.0,1.0
381,0.20688282362045216,-0.48664993466069395,1.0,0.0,0.0,1.0,0.0,0.0,1.0,1.0,0.0,1.0,0.0
382,0.4380498906489985,0.40071474547758795,0.0,0.0,0.0,1.0,1.0,0.0,0.0,0.0,1.0,1.0,0.0
383,-0.10133993241760961,-0.48723782005286725,1.0,0.0,0.0,1.0,0.0,0.0,1.0,1.0,0.0,1.0,0.0
384,-0.871896822512764,0.8335755650572377,1.0,0.0,0.0,1.0,0.0,1.0,0.0,1.0,0.0,1.0,0.0
385,-2.1818435356745267,0.29803613246101984,1.0,0.0,0.0,1.0,0.0,0.0,1.0,0.0,1.0,0.0,1.0
386,0.5151055796585139,-0.38447464817852084,0.0,0.0,0.0,1.0,0.0,1.0,0.0,1.0,0.0,1.0,0.0
387,-0.10133993241760961,-0.4905919880780752,1.0,0.0,1.0,0.0,0.0,0.0,1.0,1.0,0.0,1.0,0.0
388,-0.9489525115222794,-0.4046077095543185,0.0,1.0,0.0,0.0,0.0,1.0,0.0,1.0,0.0,1.0,0.0
389,0.5151055796585139,1.769762919031829,1.0,0.0,0.0,1.0,1.0,0.0,0.0,0.0,1.0,0.0,1.0
390,-0.6407297554842177,-0.489251126190447,1.0,0.0,0.0,1.0,0.0,0.0,1.0,1.0,0.0,1.0,0.0
391,-0.10133993241760961,-0.48664993466069395,1.0,0.0,0.0,1.0,0.0,0.0,1.0,0.0,1.0,1.0,0.0
392,-0.4866183774651868,1.6343680812795898,0.0,1.0,0.0,0.0,1.0,0.0,0.0,0.0,1.0,1.0,0.0
393,-0.4095626884556714,-0.3099823210880695,0.0,0.0,0.0,1.0,0.0,0.0,1.0,1.0,0.0,0.0,1.0
394,-0.5636740664747023,-0.489251126190447,1.0,0.0,0.0,1.0,0.0,0.0,1.0,1.0,0.0,1.0,0.0
395,0.12982713461093673,-0.4880753554061005,0.0,0.0,0.0,1.0,0.0,0.0,1.0,1.0,0.0,1.0,0.0
396,1.2856624697536683,-0.12274485029315124,1.0,0.0,0.0,1.0,0.0,1.0,0.0,1.0,0.0,1.0,0.0
397,-0.4866183774651868,-0.434807301618015,1.0,0.0,0.0,1.0,0.0,1.0,0.0,1.0,0.0,1.0,0.0
398,-0.10133993241760961,-0.39152121966005005,0.0,0.0,0.0,1.0,0.0,1.0,0.0,1.0,0.0,1.0,0.0
399,0.7462726466870603,-0.48664993466069395,1.0,0.0,0.0,1.0,0.0,0.0,1.0,1.0,0.0,1.0,0.0
400,-0.2554513104366405,-0.4841333019887193,1.0,0.0,0.0,1.0,0.0,0.0,1.0,1.0,0.0,1.0,0.0
401,-0.6407297554842177,-0.4483971180466784,0.0,0.0,0.0,1.0,0.0,0.0,1.0,0.0,1.0,1.0,0.0
402,-0.10133993241760961,-0.32709542325749746,1.0,0.0,0.0,1.0,0.0,0.0,1.0,0.0,1.0,1.0,0.0
403,-0.7177854444937332,-0.4718018018960432,0.0,0.0,0.0,1.0,0.0,0.0,1.0,1.0,0.0,1.0,0.0
404,0.36099420163948304,-0.22341015717213955,1.0,0.0,0.0,1.0,0.0,1.0,0.0,0.0,1.0,1.0,0.0
405,1.6709409148012455,-0.49017322040145855,1.0,0.0,0.0,1.0,0.0,0.0,1.0,1.0,0.0,1.0,0.0
406,-2.0277321576554956,-0.2687095452676843,1.0,0.0,0.0,1.0,0.0,1.0,0.0,0.0,1.0,0.0,1.0
407,-0.6407297554842177,-0.48966989386706367,1.0,0.0,0.0,1.0,0.0,0.0,1.0,1.0,0.0,1.0,0.0
408,-0.10133993241760961,-0.13348181192486414,0.0,0.0,0.0,1.0,0.0,0.0,1.0,0.0,1.0,0.0,1.0
409,-0.10133993241760961,-0.48723782005286725,1.0,0.0,0.0,1.0,0.0,0.0,1.0,1.0,0.0,1.0,0.0
410,-0.10133993241760961,-0.5081258712302573,1.0,0.0,1.0,0.0,0.0,0.0,1.0,1.0,0.0,1.0,0.0
411,0.2839385126299676,1.1657710777578991,0.0,0.0,1.0,0.0,1.0,0.0,0.0,0.0,1.0,1.0,0.0
412,-0.10133993241760961,-0.6462044460638905,1.0,0.0,0.0,1.0,0.0,1.0,0.0,1.0,0.0,1.0,0.0
413,1.1315510917346374,-0.48664993466069395,1.0,0.0,0.0,1.0,0.0,0.0,1.0,1.0,0.0,1.0,0.0
414,-0.10133993241760961,-0.4841333019887193,0.0,0.0,0.0,1.0,0.0,0.0,1.0,1.0,0.0,1.0,0.0
415,0.36099420163948304,0.008120048649533558,0.0,0.0,0.0,1.0,0.0,1.0,0.0,0.0,1.0,0.0,1.0
416,-0.871896822512764,-0.38447464817852084,0.0,0.0,0.0,1.0,0.0,1.0,0.0,1.0,0.0,0.0,1.0
417,0.052771445601421274,-0.38447464817852084,1.0,0.0,0.0,1.0,0.0,1.0,0.0,1.0,0.0,1.0,0.0
418,-1.4883423345888875,-0.15999101383837694,0.0,0.0,0.0,1.0,0.0,0.0,1.0,1.0,0.0,0.0,1.0
419,-0.10133993241760961,-0.48723782005286725,1.0,1.0,0.0,0.0,0.0,0.0,1.0,1.0,0.0,1.0,0.0
420,-0.6407297554842177,-0.4905094425264344,1.0,0.0,1.0,0.0,0.0,0.0,1.0,1.0,0.0,1.0,0.0
421,-0.024284243408094167,-0.4876565877294839,1.0,0.0,0.0,1.0,0.0,0.0,1.0,1.0,0.0,1.0,0.0
422,-0.10133993241760961,-0.3562883622524042,0.0,0.0,0.0,1.0,0.0,0.0,1.0,0.0,1.0,0.0,1.0
423,-0.871896822512764,-0.23926494300558024,1.0,0.0,0.0,1.0,0.0,0.0,1.0,0.0,1.0,0.0,1.0
424,-0.10133993241760961,-0.5002397510893574,1.0,0.0,0.0,1.0,0.0,0.0,1.0,1.0,0.0,1.0,0.0
425,-0.10133993241760961,-0.12274485029315124,0.0,0.0,0.0,1.0,0.0,1.0,0.0,0.0,1.0,1.0,0.0
426,-0.7948411335032486,-0.12274485029315124,0.0,0.0,0.0,1.0,0.0,1.0,0.0,1.0,0.0,1.0,0.0
427,-0.10133993241760961,-0.49017322040145855,1.0,0.0,1.0,0.0,0.0,0.0,1.0,1.0,0.0,1.0,0.0
428,0.20688282362045216,-0.4841333019887193,1.0,0.0,0.0,1.0,0.0,0.0,1.0,1.0,0.0,1.0,0.0
429,-0.10133993241760961,-0.11167166653646252,1.0,0.0,0.0,1.0,1.0,0.0,0.0,1.0,0.0,1.0,0.0
430,-0.10133993241760961,-0.3220621579135481,0.0,0.0,0.0,1.0,0.0,0.0,1.0,0.0,1.0,1.0,0.0
431,0.9774397137156066,-0.12274485029315124,0.0,0.0,0.0,1.0,0.0,1.0,0.0,0.0,1.0,1.0,0.0
432,-0.9489525115222794,-0.5027563837613321,1.0,0.0,0.0,1.0,0.0,0.0,1.0,1.0,0.0,1.0,0.0
433,1.5938852257917302,0.47923368484319884,1.0,0.0,0.0,1.0,1.0,0.0,0.0,0.0,1.0,1.0,0.0
434,-1.1801195785508258,1.769762919031829,0.0,0.0,0.0,1.0,1.0,0.0,0.0,0.0,1.0,0.0,1.0
435,-0.6407297554842177,0.045869538729154176,0.0,0.0,0.0,1.0,0.0,0.0,1.0,0.0,1.0,0.0,1.0
436,-0.4095626884556714,-0.2687095452676843,0.0,0.0,0.0,1.0,0.0,1.0,0.0,0.0,1.0,0.0,1.0
437,2.6726648719249466,4.648790695770894,1.0,0.0,0.0,1.0,1.0,0.0,0.0,0.0,1.0,0.0,1.0
438,0.12982713461093673,-0.434807301618015,1.0,0.0,0.0,1.0,0.0,1.0,0.0,1.0,0.0,1.0,0.0
439,1.208606780744153,-0.11771158494920184,0.0,0.0,0.0,1.0,0.0,1.0,0.0,0.0,1.0,0.0,1.0
440,-0.7177854444937332,-0.4549403629938127,1.0,0.0,0.0,1.0,0.0,0.0,1.0,1.0,0.0,1.0,0.0
441,-0.3325069994461559,-0.48966989386706367,1.0,0.0,0.0,1.0,0.0,0.0,1.0,0.0,1.0,1.0,0.0
442,-0.10133993241760961,-0.38447464817852084,0.0,0.0,0.0,1.0,0.0,1.0,0.0,1.0,0.0,1.0,0.0
443,-0.10133993241760961,-0.4828749856527319,1.0,0.0,0.0,1.0,0.0,0.0,1.0,1.0,0.0,1.0,0.0
444,-1.9506764686459803,1.0018537319545673,1.0,0.0,0.0,1.0,1.0,0.0,0.0,1.0,0.0,0.0,1.0
445,-1.2571752675603414,-0.25360974923583607,0.0,0.0,0.0,1.0,0.0,1.0,0.0,1.0,0.0,0.0,1.0
446,0.36099420163948304,-0.11167166653646252,1.0,0.0,0.0,1.0,1.0,0.0,0.0,1.0,0.0,1.0,0.0
447,-1.8736207796364648,-0.25847591017036636,0.0,1.0,0.0,0.0,0.0,0.0,1.0,0.0,1.0,0.0,1.0
448,1.747996603810761,-0.032146074102061765,1.0,0.0,0.0,1.0,1.0,0.0,0.0,1.0,0.0,1.0,0.0
449,0.5151055796585139,-0.08751199288550533,1.0,0.0,0.0,1.0,0.0,1.0,0.0,0.0,1.0,0.0,1.0
450,-0.10133993241760961,-0.24421364949175128,1.0,0.0,0.0,1.0,0.0,0.0,1.0,0.0,1.0,1.0,0.0
451,0.052771445601421274,-0.08751199288550533,1.0,1.0,0.0,0.0,1.0,0.0,0.0,1.0,0.0,1.0,0.0
452,1.5168295367822147,1.1477358813774596,1.0,1.0,0.0,0.0,1.0,0.0,0.0,0.0,1.0,1.0,0.0
453,-0.10133993241760961,-0.4841333019887193,1.0,0.0,0.0,1.0,0.0,0.0,1.0,1.0,0.0,1.0,0.0
454,-0.024284243408094167,-0.48723782005286725,1.0,1.0,0.0,0.0,0.0,0.0,1.0,1.0,0.0,1.0,0.0
455,2.749720560934462,-0.11167166653646252,1.0,0.0,0.0,1.0,1.0,0.0,0.0,1.0,0.0,1.0,0.0
456,-0.10133993241760961,0.39794644953841574,0.0,0.0,0.0,1.0,1.0,0.0,0.0,0.0,1.0,1.0,0.0
457,1.5938852257917302,-0.434807301618015,0.0,0.0,0.0,1.0,0.0,1.0,0.0,1.0,0.0,1.0,0.0
458,-0.10133993241760961,-0.49017322040145855,1.0,0.0,1.0,0.0,0.0,0.0,1.0,1.0,0.0,1.0,0.0
459,1.4397738477726993,-0.11167166653646252,1.0,0.0,0.0,1.0,1.0,0.0,0.0,1.0,0.0,1.0,0.0
460,0.36099420163948304,-0.4841333019887193,1.0,0.0,0.0,1.0,0.0,0.0,1.0,1.0,0.0,1.0,0.0
461,1.3627181587631838,0.12891841690431952,1.0,0.0,0.0,1.0,1.0,0.0,0.0,1.0,0.0,1.0,0.0
462,1.4397738477726993,-0.38447464817852084,1.0,0.0,0.0,1.0,0.0,1.0,0.0,1.0,0.0,1.0,0.0
463,-0.10133993241760961,-0.4841333019887193,1.0,0.0,0.0,1.0,0.0,0.0,1.0,1.0,0.0,1.0,0.0
464,0.6692169576775449,-0.5042663633645169,1.0,0.0,0.0,1.0,0.0,0.0,1.0,1.0,0.0,1.0,0.0
465,-0.10133993241760961,-0.6462044460638905,1.0,0.0,0.0,1.0,0.0,1.0,0.0,1.0,0.0,1.0,0.0
466,2.0562193598488228,-0.11167166653646252,1.0,0.0,0.0,1.0,1.0,0.0,0.0,1.0,0.0,1.0,0.0
467,-0.10133993241760961,-0.4906765469358535,1.0,0.0,1.0,0.0,0.0,0.0,1.0,1.0,0.0,1.0,0.0
468,-2.2011074579269057,-0.25847591017036636,0.0,1.0,0.0,0.0,0.0,0.0,1.0,0.0,1.0,0.0,1.0
469,-0.10133993241760961,-0.5002397510893574,1.0,0.0,0.0,1.0,0.0,0.0,1.0,1.0,0.0,1.0,0.0
470,0.6692169576775449,-0.4718018018960432,1.0,0.0,0.0,1.0,0.0,0.0,1.0,1.0,0.0,1.0,0.0
471,0.2839385126299676,-0.08751199288550533,0.0,0.0,0.0,1.0,0.0,1.0,0.0,0.0,1.0,0.0,1.0
472,-0.4866183774651868,-0.36853530348730185,0.0,1.0,0.0,0.0,0.0,1.0,0.0,1.0,0.0,1.0,0.0
473,-0.5636740664747023,-0.448145454779481,0.0,0.0,0.0,1.0,0.0,0.0,1.0,1.0,0.0,1.0,0.0
474,-0.10133993241760961,0.40071474547758795,1.0,0.0,0.0,1.0,1.0,0.0,0.0,1.0,0.0,1.0,0.0
475,0.36099420163948304,-0.22341015717213955,1.0,0.0,0.0,1.0,0.0,1.0,0.0,0.0,1.0,1.0,0.0
476,-0.024284243408094167,-0.5043509222222953,1.0,0.0,0.0,1.0,0.0,0.0,1.0,0.0,1.0,1.0,0.0
477,-0.5636740664747023,-0.49478771806879135,1.0,0.0,0.0,1.0,0.0,0.0,1.0,1.0,0.0,1.0,0.0
478,-2.104787846665011,-0.39881945440877664,0.0,0.0,0.0,1.0,0.0,0.0,1.0,1.0,0.0,0.0,1.0
479,-1.565398023598403,0.29803613246101984,1.0,0.0,0.0,1.0,0.0,0.0,1.0,0.0,1.0,0.0,1.0
480,-0.10133993241760961,-0.6462044460638905,1.0,0.0,0.0,1.0,0.0,1.0,0.0,1.0,0.0,1.0,0.0
481,1.5938852257917302,-0.4841333019887193,1.0,0.0,0.0,1.0,0.0,0.0,1.0,1.0,0.0,1.0,0.0
482,2.5956091829154313,-0.4531787201234304,0.0,0.0,0.0,1.0,0.0,0.0,1.0,1.0,0.0,1.0,0.0
483,-0.3325069994461559,1.1874986775946599,1.0,1.0,0.0,0.0,1.0,0.0,0.0,0.0,1.0,1.0,0.0
484,-0.10133993241760961,-0.13348181192486414,0.0,0.0,0.0,1.0,0.0,0.0,1.0,0.0,1.0,0.0,1.0
485,0.4380498906489985,1.1657710777578991,0.0,0.0,0.0,1.0,1.0,0.0,0.0,0.0,1.0,1.0,0.0
486,2.210330737867854,-0.04825252320269991,1.0,1.0,0.0,0.0,1.0,0.0,0.0,1.0,0.0,1.0,0.0
487,0.052771445601421274,-0.4841333019887193,1.0,0.0,0.0,1.0,0.0,0.0,1.0,1.0,0.0,1.0,0.0
488,-1.565398023598403,-0.32608877018870763,1.0,0.0,0.0,1.0,0.0,0.0,1.0,0.0,1.0,0.0,1.0
489,-0.10133993241760961,-0.24421364949175128,1.0,0.0,0.0,1.0,0.0,0.0,1.0,0.0,1.0,1.0,0.0
490,-0.6407297554842177,-0.5002397510893574,1.0,0.0,0.0,1.0,0.0,0.0,1.0,1.0,0.0,1.0,0.0
491,1.9791636708393074,-0.032146074102061765,1.0,0.0,0.0,1.0,1.0,0.0,0.0,1.0,0.0,1.0,0.0
492,3.2120546949915547,0.3504666508958721,1.0,1.0,0.0,0.0,1.0,0.0,0.0,1.0,0.0,1.0,0.0
493,-0.6407297554842177,-0.4841333019887193,1.0,0.0,0.0,1.0,0.0,0.0,1.0,1.0,0.0,1.0,0.0
494,-0.10133993241760961,-0.3551146047741951,1.0,1.0,0.0,0.0,0.0,0.0,1.0,1.0,0.0,1.0,0.0
495,1.902107981829792,0.9295438287172524,0.0,1.0,0.0,0.0,1.0,0.0,0.0,0.0,1.0,1.0,0.0
496,-0.10133993241760961,-0.3421952192893457,1.0,0.0,0.0,1.0,0.0,0.0,1.0,1.0,0.0,1.0,0.0
497,-0.3325069994461559,2.404961005438245,0.0,0.0,0.0,1.0,1.0,0.0,0.0,0.0,1.0,0.0,1.0
498,-0.4095626884556714,-0.489251126190447,1.0,0.0,0.0,1.0,0.0,0.0,1.0,1.0,0.0,1.0,0.0
499,-0.9489525115222794,-0.4718018018960432,1.0,0.0,0.0,1.0,0.0,0.0,1.0,1.0,0.0,1.0,0.0
500,-0.6407297554842177,-0.49017322040145855,0.0,0.0,1.0,0.0,0.0,0.0,1.0,1.0,0.0,1.0,0.0
501,-0.10133993241760961,-0.4926052942156549,0.0,0.0,1.0,0.0,0.0,0.0,1.0,1.0,0.0,1.0,0.0
502,0.5921612686680294,-0.4531787201234304,0.0,0.0,0.0,1.0,0.0,0.0,1.0,1.0,0.0,1.0,0.0
503,-1.026008200531795,1.0953053629426073,0.0,0.0,0.0,1.0,1.0,0.0,0.0,1.0,0.0,1.0,0.0
504,-0.871896822512764,1.546285937760475,1.0,1.0,0.0,0.0,1.0,0.0,0.0,0.0,1.0,1.0,0.0
505,0.2839385126299676,-0.12274485029315124,0.0,0.0,0.0,1.0,0.0,1.0,0.0,1.0,0.0,0.0,1.0
506,-0.10133993241760961,-0.11167166653646252,1.0,0.0,0.0,1.0,1.0,0.0,0.0,1.0,0.0,1.0,0.0
507,-0.10133993241760961,-0.19270723857404815,1.0,0.0,0.0,1.0,0.0,0.0,1.0,1.0,0.0,1.0,0.0
508,-0.2554513104366405,0.4912289628108992,1.0,0.0,0.0,1.0,0.0,0.0,1.0,1.0,0.0,1.0,0.0
509,-0.024284243408094167,-0.49017322040145855,1.0,0.0,1.0,0.0,0.0,0.0,1.0,1.0,0.0,1.0,0.0
510,-0.10133993241760961,-0.4841333019887193,1.0,0.0,0.0,1.0,0.0,0.0,1.0,1.0,0.0,1.0,0.0
511,0.5151055796585139,-0.1169565951476094,1.0,0.0,0.0,1.0,1.0,0.0,0.0,1.0,0.0,1.0,0.0
512,1.902107981829792,0.5496993996584907,0.0,1.0,0.0,0.0,1.0,0.0,0.0,0.0,1.0,1.0,0.0
513,-0.4095626884556714,-0.49529104460318635,1.0,0.0,0.0,1.0,0.0,0.0,1.0,1.0,0.0,1.0,0.0
514,1.3627181587631838,0.03873840838984667,1.0,0.0,0.0,1.0,1.0,0.0,0.0,1.0,0.0,1.0,0.0
515,0.36099420163948304,-0.434807301618015,0.0,0.0,0.0,1.0,0.0,1.0,0.0,1.0,0.0,1.0,0.0
516,-0.10133993241760961,-0.15999101383837694,1.0,0.0,1.0,0.0,0.0,0.0,1.0,1.0,0.0,1.0,0.0
517,0.5151055796585139,-0.12274485029315124,0.0,0.0,0.0,1.0,0.0,1.0,0.0,0.0,1.0,1.0,0.0
518,0.20688282362045216,-0.48723782005286725,1.0,0.0,0.0,1.0,0.0,0.0,1.0,1.0,0.0,1.0,0.0
519,0.052771445601421274,1.236236792573191,0.0,0.0,0.0,1.0,1.0,0.0,0.0,1.0,0.0,1.0,0.0
520,-0.5636740664747023,-0.48723782005286725,1.0,0.0,0.0,1.0,0.0,0.0,1.0,1.0,0.0,1.0,0.0
521,-0.10133993241760961,-0.5007430776237524,1.0,1.0,0.0,0.0,0.0,0.0,1.0,1.0,0.0,1.0,0.0
522,1.1315510917346374,0.5210943460557573,0.0,1.0,0.0,0.0,1.0,0.0,0.0,1.0,0.0,0.0,1.0
523,-0.10133993241760961,-0.500658518765974,1.0,1.0,0.0,0.0,0.0,0.0,1.0,1.0,0.0,1.0,0.0
524,0.8618561802013335,-0.49017322040145855,1.0,0.0,1.0,0.0,0.0,0.0,1.0,1.0,0.0,1.0,0.0
525,1.5938852257917302,-0.434807301618015,0.0,0.0,0.0,1.0,0.0,1.0,0.0,1.0,0.0,1.0,0.0
526,-0.10133993241760961,3.8188897994114144,1.0,0.0,0.0,1.0,1.0,0.0,0.0,1.0,0.0,1.0,0.0
527,0.7462726466870603,-0.48664993466069395,1.0,0.0,0.0,1.0,0.0,0.0,1.0,1.0,0.0,1.0,0.0
528,-0.4866183774651868,-0.41467424024221733,1.0,0.0,0.0,1.0,0.0,1.0,0.0,0.0,1.0,0.0,1.0
529,-2.104787846665011,-0.12274485029315124,0.0,0.0,0.0,1.0,0.0,1.0,0.0,0.0,1.0,0.0,1.0
530,-0.10133993241760961,-0.500658518765974,1.0,1.0,0.0,0.0,0.0,0.0,1.0,1.0,0.0,1.0,0.0
531,-0.9489525115222794,-0.500658518765974,1.0,1.0,0.0,0.0,0.0,0.0,1.0,0.0,1.0,0.0,1.0
532,-0.10133993241760961,-0.19606341990539358,0.0,1.0,0.0,0.0,0.0,0.0,1.0,1.0,0.0,0.0,1.0
533,0.052771445601421274,-0.4718018018960432,0.0,0.0,0.0,1.0,0.0,0.0,1.0,1.0,0.0,1.0,0.0
534,-1.719509401617434,-0.11771158494920184,0.0,0.0,0.0,1.0,0.0,1.0,0.0,1.0,0.0,0.0,1.0
535,1.208606780744153,-0.11167166653646252,1.0,0.0,0.0,1.0,1.0,0.0,0.0,1.0,0.0,1.0,0.0
536,0.052771445601421274,1.4964566108553758,0.0,1.0,0.0,0.0,1.0,0.0,0.0,1.0,0.0,1.0,0.0
537,-0.10133993241760961,-0.35427505611482435,1.0,0.0,0.0,1.0,0.0,0.0,1.0,1.0,0.0,1.0,0.0
538,-0.5636740664747023,0.3503820920380938,0.0,1.0,0.0,0.0,1.0,0.0,0.0,1.0,0.0,0.0,1.0
539,0.5151055796585139,0.7832429116177435,0.0,0.0,0.0,1.0,1.0,0.0,0.0,1.0,0.0,0.0,1.0
540,-1.565398023598403,-0.016542951535818605,0.0,0.0,0.0,1.0,0.0,0.0,1.0,0.0,1.0,0.0,1.0
541,-1.4112866455793722,-0.016542951535818605,0.0,0.0,0.0,1.0,0.0,0.0,1.0,0.0,1.0,0.0,1.0
542,0.20688282362045216,-0.12274485029315124,1.0,0.0,0.0,1.0,0.0,1.0,0.0,0.0,1.0,1.0,0.0
543,1.5938852257917302,1.4964566108553758,1.0,1.0,0.0,0.0,1.0,0.0,0.0,0.0,1.0,1.0,0.0
544,2.6726648719249466,-0.12274485029315124,1.0,0.0,0.0,1.0,1.0,0.0,0.0,1.0,0.0,1.0,0.0
545,-0.7948411335032486,-0.12274485029315124,0.0,0.0,0.0,1.0,0.0,1.0,0.0,0.0,1.0,1.0,0.0
546,-0.10133993241760961,-0.3671098827418954,1.0,1.0,0.0,0.0,0.0,1.0,0.0,1.0,0.0,1.0,0.0
547,0.2839385126299676,-0.23297336132564347,1.0,0.0,0.0,1.0,0.0,0.0,1.0,0.0,1.0,0.0,1.0
548,-1.6424537126079184,0.09368555949667362,1.0,0.0,0.0,1.0,0.0,1.0,0.0,0.0,1.0,0.0,1.0
549,-0.9489525115222794,1.5862158383870948,1.0,1.0,0.0,0.0,1.0,0.0,0.0,1.0,0.0,0.0,1.0
550,-0.17839562142712506,-0.12274485029315124,1.0,0.0,0.0,1.0,0.0,1.0,0.0,1.0,0.0,1.0,0.0
551,-0.10133993241760961,-0.4885786819404954,1.0,0.0,1.0,0.0,0.0,0.0,1.0,1.0,0.0,1.0,0.0
552,-0.5636740664747023,-0.5007430776237524,1.0,1.0,0.0,0.0,0.0,0.0,1.0,1.0,0.0,1.0,0.0
553,-0.5636740664747023,-0.48966989386706367,0.0,0.0,0.0,1.0,0.0,0.0,1.0,1.0,0.0,1.0,0.0
554,2.5185534939059155,-0.11167166653646252,1.0,0.0,0.0,1.0,1.0,0.0,0.0,1.0,0.0,1.0,0.0
555,1.4397738477726993,0.151064784417697,0.0,1.0,0.0,0.0,1.0,0.0,0.0,0.0,1.0,1.0,0.0
556,-0.10133993241760961,3.9345703434644728,1.0,1.0,0.0,0.0,1.0,0.0,0.0,1.0,0.0,1.0,0.0
557,0.7462726466870603,0.9573938925183935,0.0,0.0,0.0,1.0,1.0,0.0,0.0,0.0,1.0,0.0,1.0
558,0.5151055796585139,-0.29588917812501114,0.0,0.0,0.0,1.0,0.0,0.0,1.0,0.0,1.0,1.0,0.0
559,-0.10133993241760961,-0.49017322040145855,1.0,0.0,1.0,0.0,0.0,0.0,1.0,1.0,0.0,1.0,0.0
560,0.8233283356965757,-0.48723782005286725,1.0,0.0,0.0,1.0,0.0,0.0,1.0,1.0,0.0,1.0,0.0
561,-0.10133993241760961,-0.374408117490622,1.0,0.0,0.0,1.0,0.0,1.0,0.0,1.0,0.0,1.0,0.0
562,-0.10133993241760961,-0.4841333019887193,1.0,0.0,0.0,1.0,0.0,0.0,1.0,1.0,0.0,1.0,0.0
563,-0.10133993241760961,-0.4841333019887193,0.0,0.0,0.0,1.0,0.0,0.0,1.0,1.0,0.0,1.0,0.0
564,-0.4095626884556714,-0.15999101383837694,1.0,0.0,0.0,1.0,0.0,0.0,1.0,0.0,1.0,1.0,0.0
565,-0.7948411335032486,-0.48723782005286725,1.0,0.0,0.0,1.0,0.0,0.0,1.0,1.0,0.0,1.0,0.0
566,-0.024284243408094167,-0.22190017756895475,0.0,0.0,0.0,1.0,0.0,0.0,1.0,1.0,0.0,0.0,1.0
567,-0.10133993241760961,-0.500658518765974,1.0,1.0,0.0,0.0,0.0,0.0,1.0,1.0,0.0,1.0,0.0
568,0.20688282362045216,-0.4880753554061005,1.0,0.0,0.0,1.0,0.0,0.0,1.0,1.0,0.0,1.0,0.0
569,2.5185534939059155,-0.434807301618015,1.0,0.0,0.0,1.0,0.0,1.0,0.0,1.0,0.0,1.0,0.0
570,1.8250522928202764,0.3902294471130725,0.0,0.0,0.0,1.0,1.0,0.0,0.0,0.0,1.0,1.0,0.0
571,0.5151055796585139,-0.11494328901002966,1.0,0.0,0.0,1.0,1.0,0.0,0.0,1.0,0.0,1.0,0.0
572,-0.10133993241760961,-0.49017322040145855,0.0,0.0,1.0,0.0,0.0,0.0,1.0,1.0,0.0,1.0,0.0
573,-1.026008200531795,-0.4841333019887193,1.0,0.0,0.0,1.0,0.0,0.0,1.0,1.0,0.0,1.0,0.0
574,-0.7948411335032486,-0.35427505611482435,1.0,0.0,0.0,1.0,0.0,0.0,1.0,1.0,0.0,1.0,0.0
575,0.36099420163948304,-0.38447464817852084,0.0,0.0,0.0,1.0,0.0,1.0,0.0,1.0,0.0,1.0,0.0
576,0.7462726466870603,0.47923368484319884,0.0,0.0,0.0,1.0,1.0,0.0,0.0,0.0,1.0,1.0,0.0
577,-0.10133993241760961,-0.3551146047741951,0.0,1.0,0.0,0.0,0.0,0.0,1.0,0.0,1.0,1.0,0.0
578,0.20688282362045216,-0.48664993466069395,1.0,0.0,0.0,1.0,0.0,0.0,1.0,1.0,0.0,1.0,0.0
579,-0.3325069994461559,-0.0422126047899606,0.0,0.0,0.0,1.0,0.0,1.0,0.0,0.0,1.0,0.0,1.0
580,0.7462726466870603,1.5862158383870948,0.0,1.0,0.0,0.0,1.0,0.0,0.0,0.0,1.0,0.0,1.0
581,1.902107981829792,-0.12274485029315124,1.0,0.0,0.0,1.0,0.0,1.0,0.0,1.0,0.0,1.0,0.0
582,0.5151055796585139,0.16163464163999072,1.0,1.0,0.0,0.0,1.0,0.0,0.0,1.0,0.0,1.0,0.0
583,-0.10133993241760961,-0.4707951488272534,1.0,1.0,0.0,0.0,0.0,0.0,1.0,1.0,0.0,1.0,0.0
584,-0.871896822512764,0.9573938925183935,0.0,0.0,0.0,1.0,1.0,0.0,0.0,1.0,0.0,0.0,1.0
585,1.3627181587631838,-0.34420852542692554,1.0,0.0,0.0,1.0,0.0,1.0,0.0,1.0,0.0,1.0,0.0
586,2.3644421158868845,0.9483340148992845,1.0,1.0,0.0,0.0,1.0,0.0,0.0,0.0,1.0,0.0,1.0
587,-0.5636740664747023,-0.4841333019887193,1.0,0.0,0.0,1.0,0.0,0.0,1.0,1.0,0.0,1.0,0.0
588,-0.10133993241760961,-0.4841333019887193,1.0,0.0,0.0,1.0,0.0,0.0,1.0,1.0,0.0,1.0,0.0
589,0.4380498906489985,-0.5027563837613321,1.0,0.0,0.0,1.0,0.0,0.0,1.0,1.0,0.0,1.0,0.0
590,1.747996603810761,0.9295438287172524,0.0,1.0,0.0,0.0,1.0,0.0,0.0,0.0,1.0,1.0,0.0
591,1.3627181587631838,-0.5002397510893574,1.0,0.0,0.0,1.0,0.0,0.0,1.0,1.0,0.0,1.0,0.0
592,-0.10133993241760961,-0.49017322040145855,0.0,0.0,1.0,0.0,0.0,0.0,1.0,1.0,0.0,0.0,1.0
593,0.5921612686680294,-0.12274485029315124,1.0,0.0,0.0,1.0,0.0,1.0,0.0,0.0,1.0,1.0,0.0
594,0.5151055796585139,-0.15999101383837694,1.0,0.0,0.0,1.0,0.0,0.0,1.0,0.0,1.0,0.0,1.0
595,-0.10133993241760961,0.01818657933743239,0.0,0.0,0.0,1.0,0.0,1.0,0.0,1.0,0.0,1.0,0.0
596,1.5168295367822147,-0.6462044460638905,1.0,0.0,0.0,1.0,0.0,0.0,1.0,1.0,0.0,1.0,0.0
597,-0.10133993241760961,-0.5007430776237524,1.0,1.0,0.0,0.0,0.0,0.0,1.0,1.0,0.0,1.0,0.0
598,1.5168295367822147,0.4999546316111698,1.0,1.0,0.0,0.0,1.0,0.0,0.0,0.0,1.0,1.0,0.0
599,-0.4095626884556714,-0.10261178891735358,0.0,0.0,0.0,1.0,0.0,1.0,0.0,0.0,1.0,0.0,1.0
600,-0.10133993241760961,-0.48723782005286725,1.0,0.0,0.0,1.0,0.0,0.0,1.0,1.0,0.0,1.0,0.0
601,-0.10133993241760961,0.20743735626993037,1.0,0.0,0.0,1.0,1.0,0.0,0.0,1.0,0.0,1.0,0.0
602,1.1315510917346374,-0.4841333019887193,1.0,0.0,0.0,1.0,0.0,0.0,1.0,1.0,0.0,1.0,0.0
603,0.4380498906489985,-0.11167166653646252,1.0,1.0,0.0,0.0,1.0,0.0,0.0,1.0,0.0,1.0,0.0
604,0.5151055796585139,-0.3331353416702368,1.0,0.0,0.0,1.0,0.0,0.0,1.0,0.0,1.0,1.0,0.0
605,0.052771445601421274,-0.48723782005286725,1.0,0.0,0.0,1.0,0.0,0.0,1.0,1.0,0.0,1.0,0.0
606,-0.17839562142712506,-0.032146074102061765,1.0,0.0,0.0,1.0,1.0,0.0,0.0,1.0,0.0,1.0,0.0
607,-0.5636740664747023,0.1909121394926757,0.0,1.0,0.0,0.0,0.0,1.0,0.0,0.0,1.0,0.0,1.0
608,0.8233283356965757,2.443465485319458,0.0,0.0,0.0,1.0,1.0,0.0,0.0,1.0,0.0,1.0,0.0
609,0.7462726466870603,-0.016542951535818605,0.0,0.0,0.0,1.0,0.0,0.0,1.0,0.0,1.0,0.0,1.0
610,-0.10133993241760961,-0.5042663633645169,1.0,0.0,0.0,1.0,0.0,0.0,1.0,1.0,0.0,1.0,0.0
611,-0.10133993241760961,-0.33414199473902667,0.0,0.0,1.0,0.0,0.0,0.0,1.0,0.0,1.0,1.0,0.0
612,-0.10133993241760961,-0.49017322040145855,1.0,0.0,1.0,0.0,0.0,0.0,1.0,1.0,0.0,1.0,0.0
613,0.4380498906489985,-0.4841333019887193,1.0,0.0,0.0,1.0,0.0,0.0,1.0,1.0,0.0,1.0,0.0
614,-0.4095626884556714,0.6624445433629575,0.0,0.0,0.0,1.0,0.0,1.0,0.0,0.0,1.0,0.0,1.0
615,0.36099420163948304,-0.3562883622524042,1.0,0.0,0.0,1.0,0.0,0.0,1.0,0.0,1.0,0.0,1.0
616,-0.2554513104366405,-0.3220621579135481,0.0,0.0,0.0,1.0,0.0,0.0,1.0,0.0,1.0,1.0,0.0
617,-1.9506764686459803,0.13898494759221836,0.0,0.0,0.0,1.0,0.0,1.0,0.0,0.0,1.0,0.0,1.0
618,-0.2554513104366405,-0.434807301618015,1.0,0.0,0.0,1.0,0.0,1.0,0.0,1.0,0.0,1.0,0.0
619,-0.17839562142712506,-0.3551971503258359,1.0,1.0,0.0,0.0,0.0,0.0,1.0,0.0,1.0,1.0,0.0
620,0.9774397137156066,0.41187248809205507,1.0,0.0,0.0,1.0,1.0,0.0,0.0,0.0,1.0,1.0,0.0
621,-0.7177854444937332,-0.3292758338044964,1.0,1.0,0.0,0.0,0.0,0.0,1.0,0.0,1.0,0.0,1.0
622,-0.6407297554842177,-0.4880753554061005,1.0,0.0,0.0,1.0,0.0,0.0,1.0,1.0,0.0,1.0,0.0
623,-0.6407297554842177,-0.3220621579135481,1.0,0.0,0.0,1.0,0.0,0.0,1.0,1.0,0.0,1.0,0.0
624,2.4414978048964002,0.004512204050990585,1.0,0.0,0.0,1.0,1.0,0.0,0.0,1.0,0.0,1.0,0.0
625,2.133275048858338,-0.3975611380727893,1.0,0.0,1.0,0.0,0.0,1.0,0.0,1.0,0.0,1.0,0.0
626,-0.6407297554842177,0.9233347925889563,0.0,0.0,0.0,1.0,1.0,0.0,0.0,1.0,0.0,1.0,0.0
627,-0.2554513104366405,-0.48723782005286725,1.0,0.0,0.0,1.0,0.0,0.0,1.0,1.0,0.0,1.0,0.0
628,-0.10133993241760961,-0.4905094425264344,1.0,0.0,1.0,0.0,0.0,0.0,1.0,1.0,0.0,1.0,0.0
629,3.905555896077194,-0.0422126047899606,1.0,0.0,0.0,1.0,1.0,0.0,0.0,1.0,0.0,1.0,0.0
630,1.6709409148012455,-0.5041818045067386,1.0,0.0,0.0,1.0,0.0,0.0,1.0,1.0,0.0,1.0,0.0
631,0.20688282362045216,-0.032146074102061765,1.0,1.0,0.0,0.0,1.0,0.0,0.0,1.0,0.0,1.0,0.0
632,-0.10133993241760961,-0.6462044460638905,1.0,0.0,0.0,1.0,1.0,0.0,0.0,1.0,0.0,1.0,0.0
633,-1.565398023598403,-0.08449203367913571,0.0,0.0,0.0,1.0,0.0,0.0,1.0,0.0,1.0,0.0,1.0
634,-0.10133993241760961,-0.38447464817852084,0.0,0.0,0.0,1.0,0.0,1.0,0.0,1.0,0.0,1.0,0.0
635,0.20688282362045216,-0.48664993466069395,1.0,0.0,0.0,1.0,0.0,0.0,1.0,1.0,0.0,1.0,0.0
636,0.12982713461093673,-0.11771158494920184,1.0,0.0,0.0,1.0,0.0,1.0,0.0,0.0,1.0,0.0,1.0
637,0.9003840247060911,0.15282642728807924,0.0,0.0,0.0,1.0,0.0,0.0,1.0,1.0,0.0,0.0,1.0
638,-0.10133993241760961,-0.3220621579135481,1.0,0.0,0.0,1.0,0.0,0.0,1.0,0.0,1.0,1.0,0.0
639,-0.7177854444937332,-0.4880753554061005,1.0,0.0,0.0,1.0,0.0,0.0,1.0,1.0,0.0,1.0,0.0
640,-0.4095626884556714,0.7490167072788875,0.0,1.0,0.0,0.0,1.0,0.0,0.0,1.0,0.0,1.0,0.0
641,-2.104787846665011,-0.08449203367913571,0.0,0.0,0.0,1.0,0.0,0.0,1.0,0.0,1.0,0.0,1.0
642,-0.10133993241760961,0.4912289628108992,1.0,0.0,0.0,1.0,0.0,0.0,1.0,1.0,0.0,1.0,0.0
643,-2.2011074579269057,-0.25847591017036636,0.0,1.0,0.0,0.0,0.0,0.0,1.0,0.0,1.0,0.0,1.0
644,1.4397738477726993,0.8985892468519636,1.0,1.0,0.0,0.0,1.0,0.0,0.0,0.0,1.0,1.0,0.0
645,-0.7948411335032486,-0.48723782005286725,1.0,0.0,0.0,1.0,0.0,0.0,1.0,1.0,0.0,1.0,0.0
646,2.0562193598488228,0.06851923277692655,1.0,1.0,0.0,0.0,1.0,0.0,0.0,1.0,0.0,1.0,0.0
647,-0.10133993241760961,-0.4941998326766181,1.0,0.0,0.0,1.0,0.0,0.0,1.0,1.0,0.0,1.0,0.0
648,-0.4866183774651868,-0.4941998326766181,0.0,0.0,0.0,1.0,0.0,0.0,1.0,1.0,0.0,1.0,0.0
649,-0.10133993241760961,-0.48723782005286725,1.0,0.0,0.0,1.0,0.0,0.0,1.0,1.0,0.0,1.0,0.0
650,-0.871896822512764,-0.18314403442054422,0.0,0.0,0.0,1.0,0.0,1.0,0.0,1.0,0.0,0.0,1.0
651,-0.6407297554842177,-0.47641629956337606,1.0,0.0,0.0,1.0,0.0,0.0,1.0,1.0,0.0,1.0,0.0
652,-0.10133993241760961,-0.4885786819404954,0.0,0.0,1.0,0.0,0.0,0.0,1.0,1.0,0.0,1.0,0.0
653,-0.871896822512764,-0.5103062817772562,0.0,0.0,1.0,0.0,0.0,0.0,1.0,1.0,0.0,1.0,0.0
654,-0.4095626884556714,0.8335755650572377,1.0,0.0,0.0,1.0,0.0,1.0,0.0,0.0,1.0,1.0,0.0
655,-0.10133993241760961,-0.48723782005286725,1.0,0.0,0.0,1.0,0.0,0.0,1.0,1.0,0.0,1.0,0.0
656,0.20688282362045216,-0.33414199473902667,0.0,0.0,1.0,0.0,0.0,0.0,1.0,0.0,1.0,0.0,1.0
657,-0.4866183774651868,-0.38447464817852084,1.0,0.0,0.0,1.0,0.0,1.0,0.0,1.0,0.0,1.0,0.0
658,2.210330737867854,1.6343680812795898,1.0,1.0,0.0,0.0,1.0,0.0,0.0,1.0,0.0,0.0,1.0
659,1.5938852257917302,2.044579206811467,1.0,0.0,0.0,1.0,1.0,0.0,0.0,0.0,1.0,1.0,0.0
660,0.8233283356965757,-0.5007430776237524,1.0,1.0,0.0,0.0,0.0,0.0,1.0,1.0,0.0,1.0,0.0
661,1.3627181587631838,-0.1310497381106678,1.0,0.0,0.0,1.0,1.0,0.0,0.0,1.0,0.0,1.0,0.0
662,0.5151055796585139,-0.49529104460318635,1.0,0.0,0.0,1.0,0.0,0.0,1.0,1.0,0.0,1.0,0.0
663,-0.7177854444937332,-0.48664993466069395,1.0,0.0,0.0,1.0,0.0,0.0,1.0,0.0,1.0,1.0,0.0
664,0.20688282362045216,0.8335755650572377,1.0,0.0,0.0,1.0,0.0,1.0,0.0,0.0,1.0,1.0,0.0
665,-0.3325069994461559,-0.38447464817852084,1.0,0.0,0.0,1.0,0.0,1.0,0.0,1.0,0.0,1.0,0.0
666,-0.10133993241760961,-0.48966989386706367,1.0,0.0,0.0,1.0,0.0,0.0,1.0,1.0,0.0,1.0,0.0
667,1.054495402725122,-0.4841333019887193,1.0,0.0,0.0,1.0,0.0,0.0,1.0,1.0,0.0,1.0,0.0
668,-0.10133993241760961,0.40071474547758795,0.0,0.0,0.0,1.0,1.0,0.0,0.0,0.0,1.0,1.0,0.0
669,0.8233283356965757,0.13898494759221836,0.0,0.0,0.0,1.0,0.0,1.0,0.0,0.0,1.0,0.0,1.0
670,0.12982713461093673,0.40071474547758795,1.0,0.0,0.0,1.0,1.0,0.0,0.0,0.0,1.0,1.0,0.0
671,3.1349990059820394,-0.434807301618015,1.0,0.0,0.0,1.0,0.0,1.0,0.0,1.0,0.0,1.0,0.0
672,0.12982713461093673,-0.38447464817852084,1.0,0.0,0.0,1.0,0.0,1.0,0.0,1.0,0.0,1.0,0.0
673,-0.10133993241760961,-0.6462044460638905,1.0,0.0,0.0,1.0,0.0,1.0,0.0,1.0,0.0,1.0,0.0
674,-0.871896822512764,-0.48966989386706367,1.0,0.0,0.0,1.0,0.0,0.0,1.0,1.0,0.0,1.0,0.0
675,-0.3710348439509137,-0.4841333019887193,1.0,0.0,0.0,1.0,0.0,0.0,1.0,1.0,0.0,1.0,0.0
676,-0.871896822512764,-0.4480608959217026,0.0,0.0,0.0,1.0,0.0,0.0,1.0,1.0,0.0,1.0,0.0
677,1.054495402725122,0.29803613246101984,0.0,0.0,0.0,1.0,0.0,0.0,1.0,0.0,1.0,0.0,1.0
678,0.5151055796585139,9.668550782149426,1.0,1.0,0.0,0.0,1.0,0.0,0.0,1.0,0.0,0.0,1.0
679,-0.10133993241760961,-0.482371659118337,0.0,0.0,1.0,0.0,0.0,0.0,1.0,1.0,0.0,1.0,0.0
680,-0.17839562142712506,0.8985892468519636,1.0,1.0,0.0,0.0,1.0,0.0,0.0,1.0,0.0,1.0,0.0
681,-0.7177854444937332,-0.460476954872157,1.0,0.0,0.0,1.0,0.0,0.0,1.0,1.0,0.0,1.0,0.0
682,-1.1801195785508258,0.29803613246101984,1.0,0.0,0.0,1.0,0.0,0.0,1.0,0.0,1.0,0.0,1.0
683,2.3644421158868845,0.13898494759221836,1.0,0.0,0.0,1.0,0.0,1.0,0.0,0.0,1.0,0.0,1.0
684,-0.3325069994461559,0.1909121394926757,1.0,1.0,0.0,0.0,0.0,1.0,0.0,0.0,1.0,0.0,1.0
685,-1.1801195785508258,0.15282642728807924,1.0,0.0,0.0,1.0,0.0,0.0,1.0,0.0,1.0,0.0,1.0
686,-0.7948411335032486,-0.4414351054229276,1.0,0.0,0.0,1.0,0.0,0.0,1.0,1.0,0.0,1.0,0.0
687,-0.871896822512764,-0.489251126190447,1.0,0.0,0.0,1.0,0.0,0.0,1.0,1.0,0.0,1.0,0.0
688,-1.1030638895413103,3.608666412443748,0.0,0.0,0.0,1.0,1.0,0.0,0.0,1.0,0.0,0.0,1.0
689,0.12982713461093673,0.5013800523565762,1.0,0.0,0.0,1.0,1.0,0.0,0.0,0.0,1.0,1.0,0.0
690,-1.9506764686459803,-0.376085201503226,0.0,1.0,0.0,0.0,0.0,0.0,1.0,1.0,0.0,0.0,1.0
691,-0.10133993241760961,0.4912289628108992,1.0,0.0,0.0,1.0,0.0,0.0,1.0,1.0,0.0,1.0,0.0
692,-0.3325069994461559,-0.5007430776237524,1.0,1.0,0.0,0.0,0.0,0.0,1.0,1.0,0.0,1.0,0.0
693,2.3644421158868845,-0.11167166653646252,1.0,0.0,0.0,1.0,1.0,0.0,0.0,1.0,0.0,1.0,0.0
694,1.747996603810761,-0.374408117490622,1.0,0.0,0.0,1.0,0.0,1.0,0.0,1.0,0.0,1.0,0.0
695,1.1315510917346374,-0.4841333019887193,1.0,0.0,0.0,1.0,0.0,0.0,1.0,1.0,0.0,1.0,0.0
696,-0.10133993241760961,-0.4905094425264344,0.0,0.0,1.0,0.0,0.0,0.0,1.0,1.0,0.0,1.0,0.0
697,1.5168295367822147,1.5862158383870948,1.0,1.0,0.0,0.0,1.0,0.0,0.0,0.0,1.0,0.0,1.0
698,0.9774397137156066,-0.4921865265390384,1.0,0.0,0.0,1.0,0.0,0.0,1.0,1.0,0.0,1.0,0.0
699,-0.871896822512764,3.9345703434644728,0.0,1.0,0.0,0.0,1.0,0.0,0.0,0.0,1.0,1.0,0.0
700,0.4380498906489985,-0.1169565951476094,1.0,0.0,0.0,1.0,1.0,0.0,0.0,1.0,0.0,1.0,0.0
701,-0.871896822512764,-0.3551971503258359,0.0,1.0,0.0,0.0,0.0,0.0,1.0,1.0,0.0,0.0,1.0
702,-0.3325069994461559,-0.49034032481087764,1.0,0.0,1.0,0.0,0.0,0.0,1.0,1.0,0.0,1.0,0.0
703,-0.2554513104366405,-0.4880753554061005,1.0,0.0,0.0,1.0,0.0,0.0,1.0,0.0,1.0,1.0,0.0
704,0.7462726466870603,-0.12274485029315124,1.0,0.0,0.0,1.0,0.0,1.0,0.0,1.0,0.0,1.0,0.0
705,1.208606780744153,-0.374408117490622,0.0,0.0,0.0,1.0,0.0,1.0,0.0,1.0,0.0,1.0,0.0
706,0.9774397137156066,-0.1169565951476094,1.0,0.0,0.0,1.0,1.0,0.0,0.0,1.0,0.0,1.0,0.0
707,-0.5636740664747023,2.404961005438245,0.0,0.0,0.0,1.0,1.0,0.0,0.0,1.0,0.0,1.0,0.0
708,-0.10133993241760961,-0.33925981894075447,1.0,1.0,0.0,0.0,0.0,0.0,1.0,0.0,1.0,0.0,1.0
709,-0.4095626884556714,0.3504666508958721,0.0,1.0,0.0,0.0,1.0,0.0,0.0,1.0,0.0,1.0,0.0
710,-0.10133993241760961,-0.11167166653646252,1.0,0.0,0.0,1.0,1.0,0.0,0.0,1.0,0.0,1.0,0.0
711,1.4397738477726993,0.40071474547758795,1.0,0.0,0.0,1.0,1.0,0.0,0.0,0.0,1.0,1.0,0.0
712,-0.024284243408094167,-0.4552765851187885,1.0,0.0,0.0,1.0,0.0,0.0,1.0,1.0,0.0,1.0,0.0
713,1.747996603810761,-0.38447464817852084,1.0,0.0,0.0,1.0,0.0,1.0,0.0,1.0,0.0,1.0,0.0
714,-0.7948411335032486,-0.4921865265390384,1.0,0.0,0.0,1.0,0.0,0.0,1.0,1.0,0.0,1.0,0.0
715,0.6692169576775449,3.9345703434644728,0.0,1.0,0.0,0.0,1.0,0.0,0.0,1.0,0.0,1.0,0.0
716,-0.17839562142712506,-0.434807301618015,0.0,0.0,0.0,1.0,0.0,1.0,0.0,1.0,0.0,1.0,0.0
717,-0.10133993241760961,-0.33414199473902667,1.0,0.0,1.0,0.0,0.0,0.0,1.0,1.0,0.0,1.0,0.0
718,0.2839385126299676,-0.48966989386706367,1.0,0.0,0.0,1.0,0.0,0.0,1.0,1.0,0.0,1.0,0.0
719,-1.7965650906269495,0.01818657933743239,0.0,0.0,0.0,1.0,0.0,1.0,0.0,1.0,0.0,0.0,1.0
720,-0.9489525115222794,-0.5041818045067386,1.0,0.0,0.0,1.0,0.0,0.0,1.0,0.0,1.0,1.0,0.0
721,0.36099420163948304,-0.38447464817852084,1.0,0.0,0.0,1.0,0.0,1.0,0.0,1.0,0.0,1.0,0.0
722,1.5938852257917302,-0.38447464817852084,1.0,0.0,0.0,1.0,0.0,1.0,0.0,1.0,0.0,1.0,0.0
723,-0.17839562142712506,0.4228611129909654,1.0,0.0,0.0,1.0,1.0,0.0,0.0,0.0,1.0,1.0,0.0
724,-0.7177854444937332,-0.4718018018960432,1.0,0.0,0.0,1.0,0.0,0.0,1.0,1.0,0.0,1.0,0.0
725,0.052771445601421274,-0.22341015717213955,0.0,0.0,0.0,1.0,0.0,1.0,0.0,0.0,1.0,1.0,0.0
726,-0.10133993241760961,-0.49042488366865605,0.0,0.0,1.0,0.0,0.0,0.0,1.0,1.0,0.0,1.0,0.0
727,-0.3325069994461559,-0.12274485029315124,1.0,0.0,0.0,1.0,0.0,1.0,0.0,0.0,1.0,1.0,0.0
728,-0.3325069994461559,-0.48664993466069395,0.0,0.0,0.0,1.0,0.0,0.0,1.0,0.0,1.0,1.0,0.0
729,-0.024284243408094167,3.608666412443748,0.0,0.0,0.0,1.0,1.0,0.0,0.0,1.0,0.0,1.0,0.0
730,-1.4112866455793722,-0.26795455546609187,1.0,1.0,0.0,0.0,0.0,0.0,1.0,1.0,0.0,1.0,0.0
731,-0.10133993241760961,-0.6462044460638905,1.0,0.0,0.0,1.0,0.0,1.0,0.0,1.0,0.0,1.0,0.0
732,-0.4866183774651868,-0.38447464817852084,1.0,0.0,0.0,1.0,0.0,1.0,0.0,1.0,0.0,1.0,0.0
733,-0.4866183774651868,-0.38447464817852084,1.0,0.0,0.0,1.0,0.0,1.0,0.0,1.0,0.0,1.0,0.0
734,-0.0628120879128519,-0.3220621579135481,1.0,0.0,0.0,1.0,0.0,0.0,1.0,1.0,0.0,1.0,0.0
735,1.4397738477726993,0.045869538729154176,0.0,0.0,0.0,1.0,0.0,0.0,1.0,0.0,1.0,0.0,1.0
736,0.4380498906489985,9.668550782149426,1.0,1.0,0.0,0.0,1.0,0.0,0.0,1.0,0.0,1.0,0.0
737,-0.10133993241760961,-0.48723782005286725,1.0,0.0,0.0,1.0,0.0,0.0,1.0,1.0,0.0,1.0,0.0
738,-0.10133993241760961,-0.48723782005286725,1.0,0.0,0.0,1.0,0.0,0.0,1.0,1.0,0.0,1.0,0.0
739,-0.10133993241760961,-0.0422126047899606,1.0,0.0,0.0,1.0,1.0,0.0,0.0,1.0,0.0,1.0,0.0
740,0.5151055796585139,0.941287443417755,1.0,0.0,0.0,1.0,1.0,0.0,0.0,0.0,1.0,1.0,0.0
741,-0.6407297554842177,4.636207532411021,0.0,1.0,0.0,0.0,1.0,0.0,0.0,0.0,1.0,0.0,1.0
742,-0.4095626884556714,-0.3220621579135481,1.0,0.0,0.0,1.0,0.0,0.0,1.0,0.0,1.0,1.0,0.0
743,0.12982713461093673,-0.48664993466069395,1.0,0.0,0.0,1.0,0.0,0.0,1.0,1.0,0.0,1.0,0.0
744,3.1349990059820394,0.7832429116177435,1.0,0.0,0.0,1.0,1.0,0.0,0.0,0.0,1.0,0.0,1.0
745,-1.026008200531795,-0.2385099532039878,1.0,0.0,0.0,1.0,0.0,0.0,1.0,0.0,1.0,0.0,1.0
746,0.052771445601421274,-0.38447464817852084,0.0,0.0,0.0,1.0,0.0,1.0,0.0,1.0,0.0,1.0,0.0
747,-0.7948411335032486,0.4228611129909654,1.0,0.0,0.0,1.0,1.0,0.0,0.0,0.0,1.0,1.0,0.0
748,0.12982713461093673,-0.49017322040145855,1.0,0.0,1.0,0.0,0.0,0.0,1.0,1.0,0.0,1.0,0.0
749,-1.9506764686459803,-0.18314403442054422,0.0,0.0,0.0,1.0,0.0,1.0,0.0,0.0,1.0,0.0,1.0
750,-1.7965650906269495,-0.3950445054008146,1.0,0.0,0.0,1.0,0.0,0.0,1.0,1.0,0.0,0.0,1.0
751,0.2839385126299676,-0.4549403629938127,1.0,0.0,0.0,1.0,0.0,0.0,1.0,1.0,0.0,1.0,0.0
752,-0.4866183774651868,-0.48723782005286725,1.0,0.0,0.0,1.0,0.0,0.0,1.0,1.0,0.0,1.0,0.0
753,1.4397738477726993,0.6624445433629575,0.0,0.0,0.0,1.0,0.0,1.0,0.0,0.0,1.0,0.0,1.0
754,-2.2072719130476663,-0.35427505611482435,1.0,0.0,0.0,1.0,0.0,1.0,0.0,0.0,1.0,0.0,1.0
755,-0.10133993241760961,-0.489251126190447,1.0,0.0,0.0,1.0,0.0,0.0,1.0,1.0,0.0,1.0,0.0
756,-0.871896822512764,-0.41467424024221733,1.0,0.0,0.0,1.0,0.0,1.0,0.0,1.0,0.0,1.0,0.0
757,0.36099420163948304,-0.4841333019887193,1.0,0.0,0.0,1.0,0.0,0.0,1.0,1.0,0.0,1.0,0.0
758,0.2839385126299676,1.0953053629426073,0.0,0.0,0.0,1.0,1.0,0.0,0.0,1.0,0.0,1.0,0.0
759,-0.10133993241760961,-0.35427505611482435,1.0,0.0,0.0,1.0,0.0,0.0,1.0,1.0,0.0,1.0,0.0
760,0.9003840247060911,-0.5027563837613321,1.0,0.0,0.0,1.0,0.0,0.0,1.0,1.0,0.0,1.0,0.0
761,-0.7177854444937332,-0.500658518765974,1.0,1.0,0.0,0.0,0.0,0.0,1.0,1.0,0.0,1.0,0.0
762,0.5151055796585139,1.769762919031829,0.0,0.0,0.0,1.0,1.0,0.0,0.0,0.0,1.0,0.0,1.0
763,-1.026008200531795,-0.48966989386706367,1.0,0.0,0.0,1.0,0.0,0.0,1.0,1.0,0.0,1.0,0.0
764,1.6709409148012455,0.9233347925889563,0.0,0.0,0.0,1.0,1.0,0.0,0.0,0.0,1.0,1.0,0.0
765,-0.10133993241760961,0.151064784417697,1.0,1.0,0.0,0.0,1.0,0.0,0.0,1.0,0.0,1.0,0.0
766,0.091299290106179,-0.49017322040145855,0.0,0.0,1.0,0.0,0.0,0.0,1.0,1.0,0.0,1.0,0.0
767,-0.10133993241760961,-0.15999101383837694,1.0,0.0,1.0,0.0,0.0,0.0,1.0,0.0,1.0,1.0,0.0
768,0.20688282362045216,-0.47784172030878247,1.0,0.0,0.0,1.0,0.0,0.0,1.0,1.0,0.0,1.0,0.0
769,-0.4095626884556714,-0.4549403629938127,1.0,0.0,0.0,1.0,0.0,0.0,1.0,1.0,0.0,1.0,0.0
770,1.4397738477726993,-0.4880753554061005,1.0,0.0,0.0,1.0,0.0,0.0,1.0,1.0,0.0,1.0,0.0
771,2.133275048858338,-0.434807301618015,0.0,0.0,0.0,1.0,0.0,1.0,0.0,1.0,0.0,1.0,0.0
772,-0.10133993241760961,-0.5007430776237524,1.0,1.0,0.0,0.0,0.0,0.0,1.0,1.0,0.0,1.0,0.0
773,1.902107981829792,-0.18314403442054422,0.0,0.0,0.0,1.0,0.0,1.0,0.0,0.0,1.0,0.0,1.0
774,-0.871896822512764,-0.49017322040145855,1.0,0.0,0.0,1.0,0.0,0.0,1.0,1.0,0.0,1.0,0.0
775,-0.10133993241760961,-0.49017322040145855,1.0,0.0,1.0,0.0,0.0,0.0,1.0,1.0,0.0,1.0,0.0
776,-1.8736207796364648,-0.3950445054008146,0.0,0.0,0.0,1.0,0.0,0.0,1.0,1.0,0.0,1.0,0.0
777,-0.10133993241760961,-0.49042488366865605,1.0,0.0,1.0,0.0,0.0,0.0,1.0,1.0,0.0,1.0,0.0
778,1.054495402725122,3.608666412443748,0.0,0.0,0.0,1.0,1.0,0.0,0.0,1.0,0.0,0.0,1.0
779,-1.2571752675603414,-0.500658518765974,0.0,1.0,0.0,0.0,0.0,0.0,1.0,1.0,0.0,1.0,0.0
780,-0.9489525115222794,0.5013800523565762,0.0,0.0,0.0,1.0,1.0,0.0,0.0,0.0,1.0,1.0,0.0
781,-0.024284243408094167,-0.0422126047899606,1.0,0.0,0.0,1.0,1.0,0.0,0.0,1.0,0.0,1.0,0.0
782,-0.10133993241760961,-0.1740841568014353,1.0,0.0,0.0,1.0,0.0,0.0,1.0,0.0,1.0,0.0,1.0
783,-0.3325069994461559,-0.5042663633645169,1.0,0.0,0.0,1.0,0.0,0.0,1.0,1.0,0.0,1.0,0.0
784,-0.3325069994461559,-0.5002397510893574,1.0,0.0,0.0,1.0,0.0,0.0,1.0,1.0,0.0,1.0,0.0
785,-0.871896822512764,-0.49529104460318635,0.0,0.0,0.0,1.0,0.0,0.0,1.0,1.0,0.0,1.0,0.0
786,-1.6424537126079184,-0.05982903349378355,1.0,0.0,1.0,0.0,0.0,0.0,1.0,0.0,1.0,0.0,1.0
787,-2.1818435356745267,-0.2319667082568536,1.0,0.0,0.0,1.0,0.0,0.0,1.0,0.0,1.0,0.0,1.0
788,1.2856624697536683,0.9483340148992845,1.0,1.0,0.0,0.0,1.0,0.0,0.0,1.0,0.0,1.0,0.0
789,-0.10133993241760961,-0.49017322040145855,1.0,0.0,1.0,0.0,0.0,0.0,1.0,1.0,0.0,1.0,0.0
790,-1.026008200531795,-0.12274485029315124,1.0,0.0,0.0,1.0,0.0,1.0,0.0,1.0,0.0,1.0,0.0
791,-0.10133993241760961,0.7540499726228369,0.0,0.0,0.0,1.0,0.0,0.0,1.0,0.0,1.0,0.0,1.0
792,-0.10133993241760961,-0.028204020684680614,1.0,1.0,0.0,0.0,1.0,0.0,0.0,1.0,0.0,1.0,0.0
793,-0.3325069994461559,-0.48723782005286725,1.0,0.0,0.0,1.0,0.0,0.0,1.0,1.0,0.0,1.0,0.0
794,0.7462726466870603,-0.38447464817852084,1.0,0.0,0.0,1.0,0.0,1.0,0.0,1.0,0.0,1.0,0.0
795,1.5168295367822147,-0.12417027103855768,0.0,0.0,0.0,1.0,1.0,0.0,0.0,1.0,0.0,1.0,0.0
796,0.12982713461093673,-0.4713830342194266,0.0,0.0,0.0,1.0,0.0,0.0,1.0,1.0,0.0,1.0,0.0
797,0.052771445601421274,-0.500658518765974,1.0,1.0,0.0,0.0,0.0,0.0,1.0,1.0,0.0,1.0,0.0
798,0.052771445601421274,-0.15999101383837694,0.0,0.0,0.0,1.0,0.0,0.0,1.0,0.0,1.0,0.0,1.0
799,0.36099420163948304,-0.38447464817852084,1.0,0.0,0.0,1.0,0.0,1.0,0.0,1.0,0.0,1.0,0.0
800,0.12982713461093673,-0.11771158494920184,0.0,0.0,0.0,1.0,0.0,1.0,0.0,0.0,1.0,0.0,1.0
801,-1.4112866455793722,1.769762919031829,1.0,0.0,0.0,1.0,1.0,0.0,0.0,0.0,1.0,0.0,1.0
802,-2.2265358353000453,-0.4747372022446345,1.0,1.0,0.0,0.0,0.0,0.0,1.0,1.0,0.0,0.0,1.0
803,-0.17839562142712506,-0.5057763429677017,1.0,0.0,0.0,1.0,0.0,0.0,1.0,1.0,0.0,1.0,0.0
804,0.12982713461093673,-0.48966989386706367,1.0,0.0,0.0,1.0,0.0,0.0,1.0,1.0,0.0,1.0,0.0
805,0.7462726466870603,-0.6462044460638905,1.0,0.0,0.0,1.0,1.0,0.0,0.0,1.0,0.0,1.0,0.0
806,-0.871896822512764,-0.48966989386706367,0.0,0.0,0.0,1.0,0.0,0.0,1.0,1.0,0.0,1.0,0.0
807,0.7462726466870603,-0.38447464817852084,1.0,0.0,0.0,1.0,0.0,1.0,0.0,1.0,0.0,1.0,0.0
808,0.2839385126299676,0.4228611129909654,0.0,0.0,0.0,1.0,1.0,0.0,0.0,0.0,1.0,1.0,0.0
809,-0.2554513104366405,-0.4874049244622864,1.0,0.0,0.0,1.0,0.0,0.0,1.0,1.0,0.0,1.0,0.0
810,0.7462726466870603,-0.15999101383837694,1.0,0.0,0.0,1.0,0.0,0.0,1.0,1.0,0.0,1.0,0.0
811,0.4380498906489985,-0.434807301618015,1.0,0.0,0.0,1.0,0.0,1.0,0.0,1.0,0.0,1.0,0.0
812,-1.7965650906269495,-0.016542951535818605,0.0,0.0,0.0,1.0,0.0,0.0,1.0,0.0,1.0,0.0,1.0
813,0.091299290106179,-0.4841333019887193,1.0,0.0,0.0,1.0,0.0,0.0,1.0,1.0,0.0,1.0,0.0
814,-0.10133993241760961,-0.6462044460638905,1.0,0.0,0.0,1.0,1.0,0.0,0.0,1.0,0.0,1.0,0.0
815,-0.4866183774651868,-0.48664993466069395,0.0,0.0,0.0,1.0,0.0,0.0,1.0,1.0,0.0,1.0,0.0
816,0.12982713461093673,0.09880338369840133,1.0,1.0,0.0,0.0,0.0,1.0,0.0,0.0,1.0,0.0,1.0
817,1.054495402725122,-0.5163462001899956,1.0,0.0,0.0,1.0,0.0,0.0,1.0,1.0,0.0,1.0,0.0
818,-1.4883423345888875,-0.08449203367913571,1.0,0.0,0.0,1.0,0.0,0.0,1.0,0.0,1.0,0.0,1.0
819,1.747996603810761,1.236236792573191,0.0,0.0,0.0,1.0,1.0,0.0,0.0,0.0,1.0,0.0,1.0
820,-0.17839562142712506,-0.4718018018960432,1.0,0.0,0.0,1.0,0.0,0.0,1.0,1.0,0.0,1.0,0.0
821,0.6692169576775449,-0.6462044460638905,1.0,0.0,0.0,1.0,1.0,0.0,0.0,1.0,0.0,1.0,0.0
822,-0.17839562142712506,-0.3950445054008146,0.0,0.0,0.0,1.0,0.0,0.0,1.0,1.0,0.0,0.0,1.0
823,-2.104787846665011,0.15282642728807924,1.0,0.0,0.0,1.0,0.0,0.0,1.0,0.0,1.0,0.0,1.0
824,-0.10133993241760961,-0.5062796695020967,1.0,0.0,1.0,0.0,0.0,0.0,1.0,1.0,0.0,1.0,0.0
825,-0.10133993241760961,0.4912289628108992,1.0,0.0,0.0,1.0,0.0,0.0,1.0,1.0,0.0,1.0,0.0
826,-2.1818435356745267,0.09880338369840133,1.0,1.0,0.0,0.0,0.0,1.0,0.0,1.0,0.0,0.0,1.0
827,-0.10133993241760961,-0.49017322040145855,1.0,0.0,1.0,0.0,0.0,0.0,1.0,1.0,0.0,1.0,0.0
828,-1.1030638895413103,-0.3551971503258359,0.0,1.0,0.0,0.0,0.0,0.0,1.0,0.0,1.0,1.0,0.0
829,-2.1949430028061445,-0.2687095452676843,1.0,0.0,0.0,1.0,0.0,1.0,0.0,0.0,1.0,0.0,1.0
830,-0.10133993241760961,-0.500658518765974,1.0,1.0,0.0,0.0,0.0,0.0,1.0,1.0,0.0,1.0,0.0
831,-0.4866183774651868,-0.4880753554061005,1.0,0.0,0.0,1.0,0.0,0.0,1.0,1.0,0.0,1.0,0.0
832,-0.871896822512764,-0.47910003664476986,1.0,0.0,0.0,1.0,0.0,0.0,1.0,1.0,0.0,1.0,0.0
833,0.7462726466870603,1.0280267117431041,0.0,1.0,0.0,0.0,1.0,0.0,0.0,0.0,1.0,0.0,1.0
834,-0.6407297554842177,-0.4718018018960432,1.0,0.0,0.0,1.0,0.0,0.0,1.0,1.0,0.0,1.0,0.0
835,-0.10133993241760961,-0.4841333019887193,1.0,0.0,0.0,1.0,0.0,0.0,1.0,1.0,0.0,1.0,0.0
836,0.20688282362045216,0.4912289628108992,1.0,0.0,0.0,1.0,0.0,0.0,1.0,1.0,0.0,1.0,0.0
837,-0.10133993241760961,-0.04825252320269991,1.0,1.0,0.0,0.0,1.0,0.0,0.0,1.0,0.0,1.0,0.0
838,-0.7177854444937332,-0.48664993466069395,1.0,0.0,0.0,1.0,0.0,0.0,1.0,1.0,0.0,1.0,0.0
839,-1.026008200531795,-0.434807301618015,1.0,0.0,0.0,1.0,0.0,1.0,0.0,1.0,0.0,1.0,0.0
840,0.052771445601421274,-0.022079543414162937,0.0,1.0,0.0,0.0,1.0,0.0,0.0,1.0,0.0,1.0,0.0
841,0.39952204614424075,-0.516597863457193,1.0,1.0,0.0,0.0,0.0,0.0,1.0,1.0,0.0,1.0,0.0
842,-0.9489525115222794,-0.4718018018960432,1.0,0.0,0.0,1.0,0.0,0.0,1.0,1.0,0.0,1.0,0.0
843,0.9774397137156066,-0.4941998326766181,1.0,0.0,0.0,1.0,0.0,0.0,1.0,1.0,0.0,1.0,0.0
844,-0.10133993241760961,0.7540499726228369,1.0,0.0,0.0,1.0,0.0,0.0,1.0,0.0,1.0,0.0,1.0
845,0.4380498906489985,-0.48723782005286725,1.0,1.0,0.0,0.0,0.0,0.0,1.0,1.0,0.0,1.0,0.0
846,-0.10133993241760961,0.01818657933743239,1.0,0.0,0.0,1.0,0.0,1.0,0.0,1.0,0.0,0.0,1.0
847,-0.10133993241760961,1.1477358813774596,0.0,1.0,0.0,0.0,1.0,0.0,0.0,0.0,1.0,1.0,0.0
848,-1.9506764686459803,-0.016542951535818605,1.0,0.0,0.0,1.0,0.0,0.0,1.0,0.0,1.0,0.0,1.0
849,3.443221762020101,-0.48966989386706367,1.0,0.0,0.0,1.0,0.0,0.0,1.0,1.0,0.0,1.0,0.0
850,-1.565398023598403,-0.33925981894075447,0.0,1.0,0.0,0.0,0.0,0.0,1.0,0.0,1.0,0.0,1.0
851,-1.026008200531795,0.1470381721425374,0.0,0.0,0.0,1.0,1.0,0.0,0.0,1.0,0.0,0.0,1.0
852,1.1315510917346374,-0.12274485029315124,0.0,0.0,0.0,1.0,0.0,1.0,0.0,0.0,1.0,1.0,0.0
853,-0.871896822512764,-0.4579603222001823,0.0,0.0,0.0,1.0,0.0,0.0,1.0,1.0,0.0,0.0,1.0
854,1.208606780744153,2.67306694386133,0.0,0.0,0.0,1.0,1.0,0.0,0.0,0.0,1.0,0.0,1.0
855,1.6709409148012455,-0.11167166653646252,1.0,0.0,0.0,1.0,1.0,0.0,0.0,1.0,0.0,1.0,0.0
856,-0.4095626884556714,-0.25847591017036636,0.0,1.0,0.0,0.0,0.0,0.0,1.0,1.0,0.0,0.0,1.0
857,-0.10133993241760961,-0.500658518765974,1.0,1.0,0.0,0.0,0.0,0.0,1.0,1.0,0.0,1.0,0.0
858,0.9003840247060911,-0.3621611762557243,1.0,0.0,0.0,1.0,0.0,0.0,1.0,0.0,1.0,1.0,0.0
859,-0.6407297554842177,-0.41467424024221733,1.0,0.0,0.0,1.0,0.0,1.0,0.0,0.0,1.0,1.0,0.0
860,1.4397738477726993,-0.12417027103855768,0.0,0.0,0.0,1.0,1.0,0.0,0.0,1.0,0.0,1.0,0.0
861,-0.10133993241760961,0.7540499726228369,0.0,0.0,0.0,1.0,0.0,0.0,1.0,0.0,1.0,0.0,1.0
862,-0.4095626884556714,-0.38447464817852084,1.0,0.0,0.0,1.0,0.0,1.0,0.0,1.0,0.0,1.0,0.0
863,0.9774397137156066,-0.38447464817852084,0.0,0.0,0.0,1.0,0.0,1.0,0.0,1.0,0.0,1.0,0.0
864,-0.17839562142712506,-0.36719444159967374,0.0,1.0,0.0,0.0,0.0,1.0,0.0,0.0,1.0,1.0,0.0
865,0.12982713461093673,0.37043059455611316,1.0,0.0,0.0,1.0,1.0,0.0,0.0,1.0,0.0,1.0,0.0
866,-0.10133993241760961,-0.4549403629938127,1.0,0.0,0.0,1.0,0.0,0.0,1.0,1.0,0.0,1.0,0.0
867,-1.9506764686459803,-0.4220570338487224,1.0,0.0,0.0,1.0,0.0,0.0,1.0,0.0,1.0,0.0,1.0
868,-0.2554513104366405,-0.48723782005286725,1.0,0.0,0.0,1.0,0.0,0.0,1.0,1.0,0.0,1.0,0.0
869,1.3627181587631838,0.41187248809205507,0.0,0.0,0.0,1.0,1.0,0.0,0.0,0.0,1.0,0.0,1.0
870,0.2839385126299676,-0.5455391391849022,1.0,0.0,0.0,1.0,1.0,0.0,0.0,1.0,0.0,1.0,0.0
871,1.3627181587631838,-0.4650068936817115,1.0,0.0,0.0,1.0,0.0,0.0,1.0,1.0,0.0,1.0,0.0
872,-0.10133993241760961,-0.16301097304474657,0.0,1.0,0.0,0.0,0.0,1.0,0.0,0.0,1.0,1.0,0.0
873,-1.1030638895413103,-0.5007430776237524,0.0,1.0,0.0,0.0,0.0,0.0,1.0,1.0,0.0,1.0,0.0
874,-0.7177854444937332,-0.44797835037006184,1.0,0.0,0.0,1.0,0.0,0.0,1.0,1.0,0.0,1.0,0.0
875,-0.7948411335032486,-0.48723782005286725,1.0,0.0,0.0,1.0,0.0,0.0,1.0,1.0,0.0,1.0,0.0
876,-0.10133993241760961,-0.48723782005286725,1.0,0.0,0.0,1.0,0.0,0.0,1.0,1.0,0.0,1.0,0.0
877,2.0562193598488228,1.0280267117431041,0.0,1.0,0.0,0.0,1.0,0.0,0.0,1.0,0.0,0.0,1.0
878,-0.3325069994461559,-0.12274485029315124,0.0,0.0,0.0,1.0,0.0,1.0,0.0,1.0,0.0,0.0,1.0
879,0.2839385126299676,-0.48723782005286725,1.0,0.0,0.0,1.0,0.0,0.0,1.0,1.0,0.0,1.0,0.0
880,-0.5636740664747023,-0.4344710794930392,0.0,0.0,0.0,1.0,0.0,0.0,1.0,1.0,0.0,1.0,0.0
881,-0.10133993241760961,-0.434807301618015,1.0,0.0,0.0,1.0,0.0,1.0,0.0,1.0,0.0,1.0,0.0
882,-0.3325069994461559,-0.5042663633645169,1.0,0.0,0.0,1.0,0.0,0.0,1.0,1.0,0.0,1.0,0.0
883,0.7462726466870603,-0.05982903349378355,0.0,0.0,1.0,0.0,0.0,0.0,1.0,1.0,0.0,0.0,1.0
884,-0.17839562142712506,-0.38447464817852084,1.0,0.0,0.0,1.0,0.0,1.0,0.0,1.0,0.0,1.0,0.0
885,-0.7948411335032486,-0.0422126047899606,0.0,0.0,0.0,1.0,1.0,0.0,0.0,1.0,0.0,1.0,0.0
886,-0.10133993241760961,-0.1740841568014353,0.0,0.0,0.0,1.0,0.0,0.0,1.0,0.0,1.0,0.0,1.0
887,-0.2554513104366405,-0.0422126047899606,1.0,1.0,0.0,0.0,1.0,0.0,0.0,1.0,0.0,1.0,0.0
888,0.20688282362045216,-0.49017322040145855,1.0,0.0,1.0,0.0,0.0,0.0,1.0,1.0,0.0,1.0,0.0
